dataset,label,mode,products,TP,FP,FN,precision,recall,F1,calls,cost_usd,cost_usd_uncached,cost_per_TP_uncached
ORIG_SOL_20products,Pipeline (first revision),No Role,20,4563,198,302,0.95841,0.93792,0.94806,1254,29.2267,65.0926,0.0143
ORIG_SOL_20products,Pipeline (first revision),With Role,20,4437,423,519,0.91296,0.89528,0.90403,1254,29.2267,65.0926,0.0147
A_NAIVE_0.8s,Naive 0.8 s,No Role,20,4808,585,57,0.89153,0.98828,0.93741,6582,152.0681,327.3039,0.0681
A_NAIVE_0.8s,Naive 0.8 s,With Role,20,4729,1030,227,0.82115,0.9542,0.88269,6582,152.0681,327.3039,0.0692
A_NAIVE_2.4s,Naive 2.4 s,No Role,20,4325,269,540,0.94145,0.889,0.91447,2201,110.0867,111.5045,0.0258
A_NAIVE_2.4s,Naive 2.4 s,With Role,20,4158,634,798,0.8677,0.83898,0.8531,2201,110.0867,111.5045,0.0268
A_NAIVE_4.0s,Naive 4.0 s,No Role,20,3844,170,1021,0.95765,0.79013,0.86586,1328,66.6387,66.9528,0.0174
A_NAIVE_4.0s,Naive 4.0 s,With Role,20,3697,426,1259,0.89668,0.74596,0.81441,1328,66.6387,66.9528,0.0181
A_NAIVE_4.8s,Naive 4.8 s,No Role,20,3650,145,1215,0.96179,0.75026,0.84296,1106,56.1245,56.2055,0.0154
A_NAIVE_4.8s,Naive 4.8 s,With Role,20,3458,455,1498,0.88372,0.69774,0.77979,1106,56.1245,56.2055,0.0163
