product,Pipeline (first revision) recall,Naive 0.8 s recall,Naive 2.4 s recall,Naive 4.0 s recall,Naive 4.8 s recall
8 e mezzo,0.9859,1.0,0.9859,0.9859,0.9577
amelie,0.9139,0.9583,0.9472,0.8889,0.8861
apocalypse now,0.9265,0.9904,0.9617,0.9425,0.9297
chernobyl s01e01,0.9982,0.9982,0.4809,0.2995,0.2577
dark s01e09,0.8899,0.9964,0.9513,0.7996,0.796
el desorden que dejas s01e03,0.951,0.9939,0.8082,0.5633,0.4571
eternal sunshine of the spotless mind,0.9504,0.9854,0.9825,0.9446,0.965
fight club,0.9291,0.979,0.937,0.8793,0.7165
hill street blues s01e13,0.9859,0.9859,0.7606,0.5352,0.3944
la grande bellezza,0.8737,0.97,0.9572,0.9015,0.8865
la piovra s01e02,1.0,1.0,1.0,0.9655,0.6207
maigret s03e01,0.9574,1.0,1.0,0.9787,0.9681
planet earth s01e10,0.931,0.9828,0.9828,0.8276,0.6552
prime suspect s01e01,0.9231,1.0,1.0,0.9744,0.9872
psycho,0.9375,1.0,1.0,0.9062,0.9062
romanzo criminale s01e01,0.9525,0.997,0.9644,0.905,0.9021
se7en,0.9745,0.9941,0.9862,0.9666,0.9509
the world at war s01e03,0.9231,1.0,1.0,0.8462,0.9231
twin peaks s01e03,0.9773,1.0,0.8409,0.5682,0.4773
yes prime minister s01e08,0.6538,1.0,1.0,1.0,0.9231
