product,Pipeline first revision (cap 150) recall,Rerun cap 150 recall,Rerun cap 100 recall,Rerun cap 75 recall
8 e mezzo,0.9859,0.9718,0.9718,0.9718
amelie,0.9139,0.9306,0.925,0.9333
apocalypse now,0.9265,0.9361,0.9361,0.9361
chernobyl s01e01,0.9982,0.9964,0.9964,0.9964
dark s01e09,0.8899,0.8917,0.9188,0.9188
el desorden que dejas s01e03,0.951,0.9551,0.9612,0.9633
eternal sunshine of the spotless mind,0.9504,0.965,0.9563,0.9738
fight club,0.9291,0.9449,0.9501,0.9344
hill street blues s01e13,0.9859,0.9859,0.9859,0.9859
la grande bellezza,0.8737,0.9293,0.9315,0.9336
la piovra s01e02,1.0,1.0,1.0,1.0
maigret s03e01,0.9574,0.9574,1.0,0.9894
planet earth s01e10,0.931,0.9828,0.9828,0.9655
prime suspect s01e01,0.9231,0.9615,1.0,0.9872
psycho,0.9375,0.9688,1.0,1.0
romanzo criminale s01e01,0.9525,0.9436,0.9407,0.9436
se7en,0.9745,0.9784,0.9804,0.9823
the world at war s01e03,0.9231,0.9231,0.9231,0.9231
twin peaks s01e03,0.9773,0.9773,0.9773,0.9773
yes prime minister s01e08,0.6538,0.9615,1.0,1.0
