dataset,label,mode,products,TP,FP,FN,precision,recall,F1,calls,cost_usd,cost_usd_uncached
ORIG_SOL_holdout5,GPT Sol Standard - first revision,No Role,5,958,46,24,0.95418,0.97556,0.96475,207,10.0608,12.2994
ORIG_SOL_holdout5,GPT Sol Standard - first revision,With Role,5,975,92,67,0.91378,0.9357,0.92461,207,10.0608,12.2994
C_SOL_r1,GPT Sol Standard - r1,No Role,5,962,45,20,0.95531,0.97963,0.96732,207,9.715,12.2678
C_SOL_r1,GPT Sol Standard - r1,With Role,5,942,120,100,0.88701,0.90403,0.89544,207,9.715,12.2678
C_SOL_r2,GPT Sol Standard - r2,No Role,5,963,43,19,0.95726,0.98065,0.96881,207,6.814,12.1793
C_SOL_r2,GPT Sol Standard - r2,With Role,5,948,115,94,0.89182,0.90979,0.90071,207,6.814,12.1793
C_SOL_r3,GPT Sol Standard - r3,No Role,5,963,43,19,0.95726,0.98065,0.96881,207,10.3499,12.1772
C_SOL_r3,GPT Sol Standard - r3,With Role,5,939,123,103,0.88418,0.90115,0.89259,207,10.3499,12.1772
C_SOL_r4,GPT Sol Standard - r4,No Role,5,963,43,19,0.95726,0.98065,0.96881,207,7.4765,12.285
C_SOL_r4,GPT Sol Standard - r4,With Role,5,952,115,90,0.89222,0.91363,0.9028,207,7.4765,12.285
C_SOL_r5,GPT Sol Standard - r5,No Role,5,966,35,16,0.96503,0.98371,0.97428,207,7.2586,12.2164
C_SOL_r5,GPT Sol Standard - r5,With Role,5,959,95,83,0.90987,0.92035,0.91508,207,7.2586,12.2164
C_GEMMA_r1,Gemma 4 12B - r1,No Role,5,765,359,217,0.6806,0.77902,0.7265,207,0.0,0.0
C_GEMMA_r1,Gemma 4 12B - r1,With Role,5,536,682,506,0.44007,0.5144,0.47434,207,0.0,0.0
C_GEMMA_r2,Gemma 4 12B - r2,No Role,5,765,359,217,0.6806,0.77902,0.7265,207,0.0,0.0
C_GEMMA_r2,Gemma 4 12B - r2,With Role,5,536,682,506,0.44007,0.5144,0.47434,207,0.0,0.0
C_GEMMA_r3,Gemma 4 12B - r3,No Role,5,765,359,217,0.6806,0.77902,0.7265,207,0.0,0.0
C_GEMMA_r3,Gemma 4 12B - r3,With Role,5,536,682,506,0.44007,0.5144,0.47434,207,0.0,0.0
C_GEMMA_r4,Gemma 4 12B - r4,No Role,5,765,359,217,0.6806,0.77902,0.7265,207,0.0,0.0
C_GEMMA_r4,Gemma 4 12B - r4,With Role,5,536,682,506,0.44007,0.5144,0.47434,207,0.0,0.0
C_GEMMA_r5,Gemma 4 12B - r5,No Role,5,765,359,217,0.6806,0.77902,0.7265,207,0.0,0.0
C_GEMMA_r5,Gemma 4 12B - r5,With Role,5,536,682,506,0.44007,0.5144,0.47434,207,0.0,0.0
