product,clips recall,films recall,clips FP,films FP,clips F1,films F1
8 e mezzo,0.9718,0.9437,1,3,0.9787,0.9504
amelie,0.9306,0.9167,31,30,0.9229,0.9167
apocalypse now,0.9361,0.9393,28,18,0.9243,0.9408
chernobyl s01e01,0.9964,0.9909,1,5,0.9973,0.9909
dark s01e09,0.8917,0.8339,17,51,0.9277,0.866
el desorden que dejas s01e03,0.9551,0.9633,6,5,0.971,0.9762
eternal sunshine of the spotless mind,0.965,0.9679,13,13,0.9636,0.9651
fight club,0.9449,0.9633,8,3,0.9613,0.9774
hill street blues s01e13,0.9859,0.9718,2,2,0.979,0.9718
la grande bellezza,0.9293,0.9293,31,58,0.9313,0.9051
la piovra s01e02,1.0,1.0,1,1,0.9831,0.9831
maigret s03e01,0.9574,0.9681,3,1,0.9626,0.9785
planet earth s01e10,0.9828,0.9655,0,2,0.9913,0.9655
prime suspect s01e01,0.9615,0.9359,2,2,0.9677,0.9542
psycho,0.9688,1.0,2,5,0.9538,0.9275
romanzo criminale s01e01,0.9436,0.9763,12,15,0.9535,0.9662
se7en,0.9784,0.9784,18,20,0.9717,0.9698
the world at war s01e03,0.9231,0.9231,4,12,0.8276,0.6486
twin peaks s01e03,0.9773,0.9886,1,0,0.9829,0.9943
yes prime minister s01e08,0.9615,1.0,3,2,0.9259,0.963
