title,clip_frames,film_frames,matched_pct,matched_loose_pct,median_distance,frames_with_text,mean_word_coverage_pct,frames_full_text_pct,unique_clip_words,unique_words_found_pct,likely_missing,checked_missing_x,checked_present_v,checked_no_credit_n,unchecked,present_after_check_pct
8_e_mezzo,36,113,88.9,91.7,2.0,36,85.6,61.1,230,87.8,1,0,1,0,0,100.0
Amelie,103,540,28.2,41.7,18.0,103,89.3,32.0,1260,82.1,3,1,2,0,0,99.0
Apocalypse_Now,66,496,4.5,56.1,16.0,66,95.5,60.6,892,88.3,0,0,0,0,0,100.0
Chernobyl_S01E01,79,141,89.9,91.1,0.0,79,98.5,86.1,1318,99.2,0,0,0,0,0,100.0
Dark_1x9,51,103,47.1,70.6,12.0,51,95.8,51.0,1156,95.8,0,0,0,0,0,100.0
El_desorden_que_dejas,71,142,63.4,77.5,8.0,71,93.8,73.2,1409,98.4,2,1,0,1,0,98.6
Eternal_Sunshine_of_the_Spotless_Mind,80,189,46.2,57.5,13.0,80,93.9,52.5,1160,90.7,0,0,0,0,0,100.0
Fight_Club,85,673,3.5,20.0,18.0,84,71.1,0.0,1076,96.7,7,5,1,1,0,94.1
Hill_Street_Blues_1x13,44,111,90.9,95.5,1.0,44,94.4,79.5,268,95.1,0,0,0,0,0,100.0
La_grande_bellezza,103,213,67.0,87.4,6.0,103,93.5,70.9,1618,89.7,0,0,0,0,0,100.0
La_piovra_1x2,31,60,93.5,93.5,0.0,31,100.0,100.0,93,100.0,0,0,0,0,0,100.0
Maigret_S03E01,83,171,86.7,95.2,0.0,82,93.1,81.7,380,90.8,0,0,0,0,0,100.0
Planet_Earth_S01E10,11,36,18.2,36.4,20.0,11,96.8,54.5,173,95.4,0,0,0,0,0,100.0
Prime_Suspect_1x1,35,211,25.7,31.4,20.0,35,68.4,37.1,250,68.8,9,6,0,3,0,82.9
Psycho,33,367,12.1,51.5,16.0,30,74.2,63.3,110,87.3,3,0,0,3,0,100.0
Romanzo_criminale_S01E01,83,213,44.6,53.0,16.0,82,88.8,53.7,1061,91.2,5,0,3,2,0,100.0
Se7en,150,430,28.7,42.0,18.0,148,77.4,34.5,1588,84.0,19,0,5,14,0,100.0
The_World_At_War_S01E03,32,122,75.0,84.4,2.0,32,59.7,34.4,96,66.7,2,0,2,0,0,100.0
Twin_Peaks_1x3,62,240,75.8,88.7,4.0,62,84.6,72.6,330,93.3,1,0,0,1,0,100.0
"Yes,_Prime_Minister_1x8",16,57,93.8,93.8,1.0,16,87.1,68.8,73,82.2,1,0,0,1,0,100.0
