title,cut_parts,cut_minutes,full_minutes,cut_shots,full_shots,cut_candidates,full_candidates,cut_candidate_minutes,full_candidate_minutes,cut_frames,full_frames,frames_ratio,full_stage1_h,full_stage2_h
8_e_mezzo,1,3.7,139.1,10,159,8,25,3.3,38.5,36,113,3.14,0.97,2.38
Amelie,1,7.8,121.6,96,1494,65,363,6.2,38.1,103,540,5.24,2.49,2.02
Apocalypse_Now,1,5.9,152.9,1,1305,1,220,5.9,38.2,66,496,7.52,4.63,3.62
Chernobyl_S01E01,2,3.0,56.3,7,728,7,71,3.0,8.0,79,141,1.78,3.48,0.92
Dark_1x9,1,4.9,55.3,48,703,38,93,4.6,8.6,51,103,2.02,0.53,0.13
El_desorden_que_dejas,2,6.8,41.3,66,508,18,90,4.0,11.2,71,142,2.0,0.88,0.59
Eternal_Sunshine_of_the_Spotless_Mind,1,5.6,107.9,30,1529,28,195,5.6,17.0,80,189,2.36,1.93,0.87
Fight_Club,1,4.9,139.1,39,3112,39,607,4.9,36.2,85,673,7.92,11.32,3.51
Hill_Street_Blues_1x13,1,3.2,48.1,43,525,29,72,2.1,8.7,44,111,2.52,0.42,0.14
La_grande_bellezza,1,9.4,141.5,20,1833,8,104,8.9,19.1,103,213,2.07,1.38,0.86
La_piovra_1x2,1,2.1,58.4,13,264,5,27,1.9,6.5,31,60,1.94,0.24,0.11
Maigret_S03E01,2,4.9,95.9,39,565,38,85,4.9,14.6,83,171,2.06,1.74,0.97
Planet_Earth_S01E10,1,0.8,58.9,4,724,3,23,0.8,3.5,11,36,3.27,4.54,0.64
Prime_Suspect_1x1,1,3.4,108.2,15,735,15,123,3.4,30.7,35,226,6.46,0.63,1.74
Psycho,1,1.8,108.9,22,81,14,33,1.7,70.0,33,367,11.12,0.12,1.95
Romanzo_criminale_S01E01,2,4.8,62.3,76,1534,58,238,4.4,12.4,83,213,2.57,3.5,0.9
Se7en,1,7.2,126.8,141,2128,124,360,7.0,26.2,150,430,2.87,2.75,1.12
The_World_At_War_S01E03,2,2.2,54.8,8,244,4,47,2.2,19.5,32,122,3.81,1.35,1.39
Twin_Peaks_1x3,1,3.7,48.3,19,539,10,124,3.3,13.0,62,240,3.87,1.23,1.27
"Yes,_Prime_Minister_1x8",1,1.5,29.5,8,328,4,32,1.4,4.7,16,57,3.56,0.14,0.1
