n;controllo;tipo;nota;frame_film_verificato;title;clip;clip_frame;image;phash_distance;ocr_word_coverage;best_film_frame_phash;best_film_frame_text;best_text_share;clip_ocr_text;clip_frame_path;film_frame_phash_path;film_frame_text_path
1;b;persona;film frame taken during the cross-fade with the CINERIZ card: credit visible but overlapped;scene_158_static_001_num199665_sim61.jpg;8_e_mezzo;8_e_mezzo;scene_009_static_000_num04763_sim99.jpg;results\D_likely_missing\001_8_e_mezzo_scene_009_static_000_num04763_sim99.jpg;22;0.467;scene_130_static_001_num167414_sim44.jpg;scene_158_static_001_num199665_sim61.jpg;0.267;NEGATIVI DUPONT SVILUPPO E STAMPA ISTITUTO NAZIONALE E LUCE ENZO VERZINI TECNICO PRODUZIONE ESEGUITA NEGLI STABILIMENTI Titanus;D:\DATA\dev\filmocredit\data\episodes\8_e_mezzo\analysis\frames\scene_009_static_000_num04763_sim99.jpg;D:\DATA\dev\filmocredit\runs\FULL_pipeline\data\episodes\8_e_mezzo_FULL\analysis\frames\scene_130_static_001_num167414_sim44.jpg;D:\DATA\dev\filmocredit\runs\FULL_pipeline\data\episodes\8_e_mezzo_FULL\analysis\frames\scene_158_static_001_num199665_sim61.jpg
2;v;persona;same card in the film (clip OCR read NTHALIE);scene_038_static_002_num03281_sim29.jpg;Amelie;Amelie;scene_038_scroll_000_num03297_sim0.jpg;results\D_likely_missing\002_Amelie_scene_038_scroll_000_num03297_sim0.jpg;20;0.333;scene_1455_static_022_num169812_sim88.jpg;scene_038_static_002_num03281_sim29.jpg;0.333;Maquillage NTHALIE TISSIER;D:\DATA\dev\filmocredit\data\episodes\Amelie\analysis\frames\scene_038_scroll_000_num03297_sim0.jpg;D:\DATA\dev\filmocredit\runs\FULL_pipeline\data\episodes\Amelie_FULL\analysis\frames\scene_1455_static_022_num169812_sim88.jpg;D:\DATA\dev\filmocredit\runs\FULL_pipeline\data\episodes\Amelie_FULL\analysis\frames\scene_038_static_002_num03281_sim29.jpg
3;x;persona;opening card 'Montage Herve Schneid' not among the film frames (the next card 'Montage son' is);;Amelie;Amelie;scene_046_static_000_num03735_sim100.jpg;results\D_likely_missing\003_Amelie_scene_046_static_000_num03735_sim100.jpg;20;0.333;scene_849_static_004_num85126_sim34.jpg;scene_048_static_001_num03852_sim80.jpg;0.333;Montage HERVE SCHINEID A.C.E;D:\DATA\dev\filmocredit\data\episodes\Amelie\analysis\frames\scene_046_static_000_num03735_sim100.jpg;D:\DATA\dev\filmocredit\runs\FULL_pipeline\data\episodes\Amelie_FULL\analysis\frames\scene_849_static_004_num85126_sim34.jpg;D:\DATA\dev\filmocredit\runs\FULL_pipeline\data\episodes\Amelie_FULL\analysis\frames\scene_048_static_001_num03852_sim80.jpg
4;v;persona;same card, sharper in the film;scene_1455_static_018_num169728_sim74.jpg;Amelie;Amelie;scene_063_static_023_num05888_sim51.jpg;results\D_likely_missing\004_Amelie_scene_063_static_023_num05888_sim51.jpg;20;0.25;scene_664_scroll_000_num67887_sim0.jpg;scene_1455_static_018_num169728_sim74.jpg;0.25;Flaa FERNAMDES Kevn GUIET;D:\DATA\dev\filmocredit\data\episodes\Amelie\analysis\frames\scene_063_static_023_num05888_sim51.jpg;D:\DATA\dev\filmocredit\runs\FULL_pipeline\data\episodes\Amelie_FULL\analysis\frames\scene_664_scroll_000_num67887_sim0.jpg;D:\DATA\dev\filmocredit\runs\FULL_pipeline\data\episodes\Amelie_FULL\analysis\frames\scene_1455_static_018_num169728_sim74.jpg
5;n;;no credit: window/set;;El_desorden_que_dejas;El_desorden_que_dejas_S01E03_Opening;scene_003_static_000_num00360_sim0.jpg;results\D_likely_missing\005_El_desorden_que_dejas_S01E03_Opening_scene_003_static_000_num00360_sim0.jpg;20;0.0;scene_187_static_000_num21782_sim21.jpg;scene_032_static_002_num03485_sim86.jpg;0.0;PROSEGUR;D:\DATA\dev\filmocredit\data\episodes\El_desorden_que_dejas_S01E03_Opening\analysis\frames\scene_003_static_000_num00360_sim0.jpg;D:\DATA\dev\filmocredit\runs\FULL_pipeline\data\episodes\El_desorden_que_dejas_FULL\analysis\frames\scene_187_static_000_num21782_sim21.jpg;D:\DATA\dev\filmocredit\runs\FULL_pipeline\data\episodes\El_desorden_que_dejas_FULL\analysis\frames\scene_032_static_002_num03485_sim86.jpg
6;x;titolo;series title card 'El desorden que dejas' not among the film frames;;El_desorden_que_dejas;El_desorden_que_dejas_S01E03_Opening;scene_050_static_002_num07523_sim41.jpg;results\D_likely_missing\006_El_desorden_que_dejas_S01E03_Opening_scene_050_static_002_num07523_sim41.jpg;22;0.333;scene_142_scroll_000_num16251_sim0.jpg;scene_032_static_002_num03485_sim86.jpg;0.333;EL DESOKDEN QUE FIAS;D:\DATA\dev\filmocredit\data\episodes\El_desorden_que_dejas_S01E03_Opening\analysis\frames\scene_050_static_002_num07523_sim41.jpg;D:\DATA\dev\filmocredit\runs\FULL_pipeline\data\episodes\El_desorden_que_dejas_FULL\analysis\frames\scene_142_scroll_000_num16251_sim0.jpg;D:\DATA\dev\filmocredit\runs\FULL_pipeline\data\episodes\El_desorden_que_dejas_FULL\analysis\frames\scene_032_static_002_num03485_sim86.jpg
7;x;logo;Regency logo not in the full film opening;;Fight_Club;Fight_Club;scene_001_static_014_num00758_sim87.jpg;results\D_likely_missing\007_Fight_Club_scene_001_static_014_num00758_sim87.jpg;18;0.4;scene_1510_static_000_num117072_sim26.jpg;scene_658_static_002_num58907_sim87.jpg;0.2;REGEN 0 DOWNLOAD MORE. NAIJAPREY.COM;D:\DATA\dev\filmocredit\data\episodes\Fight_Club\analysis\frames\scene_001_static_014_num00758_sim87.jpg;D:\DATA\dev\filmocredit\runs\FULL_pipeline\data\episodes\Fight_Club_FULL\analysis\frames\scene_1510_static_000_num117072_sim26.jpg;D:\DATA\dev\filmocredit\runs\FULL_pipeline\data\episodes\Fight_Club_FULL\analysis\frames\scene_658_static_002_num58907_sim87.jpg
8;x;logo;Regency logo not in the full film opening;;Fight_Club;Fight_Club;scene_001_static_015_num00794_sim23.jpg;results\D_likely_missing\008_Fight_Club_scene_001_static_015_num00794_sim23.jpg;20;;scene_1510_static_000_num117072_sim26.jpg;scene_002_static_000_num00160_sim0.jpg;0.0;D RE;D:\DATA\dev\filmocredit\data\episodes\Fight_Club\analysis\frames\scene_001_static_015_num00794_sim23.jpg;D:\DATA\dev\filmocredit\runs\FULL_pipeline\data\episodes\Fight_Club_FULL\analysis\frames\scene_1510_static_000_num117072_sim26.jpg;D:\DATA\dev\filmocredit\runs\FULL_pipeline\data\episodes\Fight_Club_FULL\analysis\frames\scene_002_static_000_num00160_sim0.jpg
9;x;logo;Regency logo not in the full film opening;;Fight_Club;Fight_Club;scene_001_static_016_num00806_sim24.jpg;results\D_likely_missing\009_Fight_Club_scene_001_static_016_num00806_sim24.jpg;20;0.4;scene_1510_static_000_num117072_sim26.jpg;scene_658_static_002_num58907_sim87.jpg;0.2;RBGEN DOWNLOAD MORE. NAIJAPREY.COM;D:\DATA\dev\filmocredit\data\episodes\Fight_Club\analysis\frames\scene_001_static_016_num00806_sim24.jpg;D:\DATA\dev\filmocredit\runs\FULL_pipeline\data\episodes\Fight_Club_FULL\analysis\frames\scene_1510_static_000_num117072_sim26.jpg;D:\DATA\dev\filmocredit\runs\FULL_pipeline\data\episodes\Fight_Club_FULL\analysis\frames\scene_658_static_002_num58907_sim87.jpg
10;x;logo;'Fox 2000 Pictures and Regency Enterprises present' card not among the film frames;;Fight_Club;Fight_Club;scene_001_static_020_num00950_sim74.jpg;results\D_likely_missing\010_Fight_Club_scene_001_static_020_num00950_sim74.jpg;20;0.4;scene_1509_static_004_num117051_sim84.jpg;scene_658_static_002_num58907_sim87.jpg;0.2;RECENPENfEHPFISES DOWNLOAD MORE. NAIJAPREY.COM;D:\DATA\dev\filmocredit\data\episodes\Fight_Club\analysis\frames\scene_001_static_020_num00950_sim74.jpg;D:\DATA\dev\filmocredit\runs\FULL_pipeline\data\episodes\Fight_Club_FULL\analysis\frames\scene_1509_static_004_num117051_sim84.jpg;D:\DATA\dev\filmocredit\runs\FULL_pipeline\data\episodes\Fight_Club_FULL\analysis\frames\scene_658_static_002_num58907_sim87.jpg
11;v;logo;same card;scene_007_static_000_num01023_sim19.jpg;Fight_Club;Fight_Club;scene_001_static_023_num01022_sim30.jpg;results\D_likely_missing\011_Fight_Club_scene_001_static_023_num01022_sim30.jpg;20;0.429;scene_143_scroll_000_num09696_sim0.jpg;scene_007_static_000_num01023_sim19.jpg;0.143;NOSNIT  FILMS PROUCTION DOWNLOAD MORE. NAIJAPREY.COM;D:\DATA\dev\filmocredit\data\episodes\Fight_Club\analysis\frames\scene_001_static_023_num01022_sim30.jpg;D:\DATA\dev\filmocredit\runs\FULL_pipeline\data\episodes\Fight_Club_FULL\analysis\frames\scene_143_scroll_000_num09696_sim0.jpg;D:\DATA\dev\filmocredit\runs\FULL_pipeline\data\episodes\Fight_Club_FULL\analysis\frames\scene_007_static_000_num01023_sim19.jpg
12;x;persona;"opening card 'Edward Norton' not among the film frames; the name is in the end-credit cast list";;Fight_Club;Fight_Club;scene_003_static_001_num01300_sim32.jpg;results\D_likely_missing\012_Fight_Club_scene_003_static_001_num01300_sim32.jpg;18;0.0;scene_1511_static_002_num117167_sim93.jpg;scene_002_static_000_num00160_sim0.jpg;0.0;NOWATON;D:\DATA\dev\filmocredit\data\episodes\Fight_Club\analysis\frames\scene_003_static_001_num01300_sim32.jpg;D:\DATA\dev\filmocredit\runs\FULL_pipeline\data\episodes\Fight_Club_FULL\analysis\frames\scene_1511_static_002_num117167_sim93.jpg;D:\DATA\dev\filmocredit\runs\FULL_pipeline\data\episodes\Fight_Club_FULL\analysis\frames\scene_002_static_000_num00160_sim0.jpg
13;n;;no credit: transition texture;;Fight_Club;Fight_Club;scene_018_static_001_num02391_sim83.jpg;results\D_likely_missing\013_Fight_Club_scene_018_static_001_num02391_sim83.jpg;20;0.0;scene_2461_static_002_num173452_sim20.jpg;scene_002_static_000_num00160_sim0.jpg;0.0;IJAPREY;D:\DATA\dev\filmocredit\data\episodes\Fight_Club\analysis\frames\scene_018_static_001_num02391_sim83.jpg;D:\DATA\dev\filmocredit\runs\FULL_pipeline\data\episodes\Fight_Club_FULL\analysis\frames\scene_2461_static_002_num173452_sim20.jpg;D:\DATA\dev\filmocredit\runs\FULL_pipeline\data\episodes\Fight_Club_FULL\analysis\frames\scene_002_static_000_num00160_sim0.jpg
14;n;;no credit: scene frame;;Prime_Suspect_1x1;Prime_Suspect_1x1;scene_002_static_007_num01478_sim7.jpg;results\D_likely_missing\014_Prime_Suspect_1x1_scene_002_static_007_num01478_sim7.jpg;18;0.0;scene_118_static_000_num27332_sim29.jpg;scene_000_static_002_num00120_sim100.jpg;0.0;H67WTH;D:\DATA\dev\filmocredit\data\episodes\Prime_Suspect_1x1\analysis\frames\scene_002_static_007_num01478_sim7.jpg;D:\DATA\dev\filmocredit\runs\FULL_pipeline\data\episodes\Prime_Suspect_1x1_FULL\analysis\frames\scene_118_static_000_num27332_sim29.jpg;D:\DATA\dev\filmocredit\runs\FULL_pipeline\data\episodes\Prime_Suspect_1x1_FULL\analysis\frames\scene_000_static_002_num00120_sim100.jpg
15;n;;no credit: scene frame;;Prime_Suspect_1x1;Prime_Suspect_1x1;scene_002_static_012_num01754_sim12.jpg;results\D_likely_missing\015_Prime_Suspect_1x1_scene_002_static_012_num01754_sim12.jpg;18;0.0;scene_319_static_000_num73431_sim17.jpg;scene_000_static_002_num00120_sim100.jpg;0.0;MALOH;D:\DATA\dev\filmocredit\data\episodes\Prime_Suspect_1x1\analysis\frames\scene_002_static_012_num01754_sim12.jpg;D:\DATA\dev\filmocredit\runs\FULL_pipeline\data\episodes\Prime_Suspect_1x1_FULL\analysis\frames\scene_319_static_000_num73431_sim17.jpg;D:\DATA\dev\filmocredit\runs\FULL_pipeline\data\episodes\Prime_Suspect_1x1_FULL\analysis\frames\scene_000_static_002_num00120_sim100.jpg
16;n;;no credit: scene frame;;Prime_Suspect_1x1;Prime_Suspect_1x1;scene_003_static_000_num02061_sim21.jpg;results\D_likely_missing\016_Prime_Suspect_1x1_scene_003_static_000_num02061_sim21.jpg;22;0.0;scene_628_static_001_num131988_sim91.jpg;scene_000_static_002_num00120_sim100.jpg;0.0;Claden;D:\DATA\dev\filmocredit\data\episodes\Prime_Suspect_1x1\analysis\frames\scene_003_static_000_num02061_sim21.jpg;D:\DATA\dev\filmocredit\runs\FULL_pipeline\data\episodes\Prime_Suspect_1x1_FULL\analysis\frames\scene_628_static_001_num131988_sim91.jpg;D:\DATA\dev\filmocredit\runs\FULL_pipeline\data\episodes\Prime_Suspect_1x1_FULL\analysis\frames\scene_000_static_002_num00120_sim100.jpg
17;x;persona;"end-roll cast names (Rod Arthur, Rosy Clayton, Julian Firth, Ian Hastings, Moyra Ruskin...) not found in the film frames' OCR; neighbouring roll lines are";;Prime_Suspect_1x1;Prime_Suspect_1x1;scene_007_scroll_000_num02764_sim0.jpg;results\D_likely_missing\017_Prime_Suspect_1x1_scene_007_scroll_000_num02764_sim0.jpg;22;0.208;scene_429_static_001_num89060_sim48.jpg;scene_731_scroll_002_num153828_sim0.jpg;0.167;Sgt Tomlins Rod Arthur Carol Rosy Clayton Linda Susan Brown Painter Phil Hearne James Snell Arnold Upcher Mr Shrapnel Julian Firth Edward Harvey Doug Fisher;D:\DATA\dev\filmocredit\data\episodes\Prime_Suspect_1x1\analysis\frames\scene_007_scroll_000_num02764_sim0.jpg;D:\DATA\dev\filmocredit\runs\FULL_pipeline\data\episodes\Prime_Suspect_1x1_FULL\analysis\frames\scene_429_static_001_num89060_sim48.jpg;D:\DATA\dev\filmocredit\runs\FULL_pipeline\data\episodes\Prime_Suspect_1x1_FULL\analysis\frames\scene_731_scroll_002_num153828_sim0.jpg
18;x;persona;"end-roll cast names (Rod Arthur, Rosy Clayton, Julian Firth, Ian Hastings, Moyra Ruskin...) not found in the film frames' OCR; neighbouring roll lines are";;Prime_Suspect_1x1;Prime_Suspect_1x1;scene_008_scroll_000_num02810_sim0.jpg;results\D_likely_missing\018_Prime_Suspect_1x1_scene_008_scroll_000_num02810_sim0.jpg;22;0.25;scene_035_scroll_000_num11144_sim0.jpg;scene_731_scroll_002_num153828_sim0.jpg;0.167;Carol Rosy Clayton Linda Susan Brown Painter Phil Hearne Arnold Upcher James Snell Julian Firth Mr Shrapnel Edward Harvey Doug Fisher Reg McKinney lan Hastings;D:\DATA\dev\filmocredit\data\episodes\Prime_Suspect_1x1\analysis\frames\scene_008_scroll_000_num02810_sim0.jpg;D:\DATA\dev\filmocredit\runs\FULL_pipeline\data\episodes\Prime_Suspect_1x1_FULL\analysis\frames\scene_035_scroll_000_num11144_sim0.jpg;D:\DATA\dev\filmocredit\runs\FULL_pipeline\data\episodes\Prime_Suspect_1x1_FULL\analysis\frames\scene_731_scroll_002_num153828_sim0.jpg
19;x;persona;"end-roll cast names (Rod Arthur, Rosy Clayton, Julian Firth, Ian Hastings, Moyra Ruskin...) not found in the film frames' OCR; neighbouring roll lines are";;Prime_Suspect_1x1;Prime_Suspect_1x1;scene_009_scroll_000_num02877_sim0.jpg;results\D_likely_missing\019_Prime_Suspect_1x1_scene_009_scroll_000_num02877_sim0.jpg;22;0.364;scene_165_static_001_num37860_sim14.jpg;scene_731_scroll_002_num153828_sim0.jpg;0.227;Arnold Upcher James Snell Mr Shrapnel Julian Firth Edward Harvey Doug Fisher Reg McKinney lan Hastings Annette Frisby Moyra Ruskin Biker Malcolm Freeman;D:\DATA\dev\filmocredit\data\episodes\Prime_Suspect_1x1\analysis\frames\scene_009_scroll_000_num02877_sim0.jpg;D:\DATA\dev\filmocredit\runs\FULL_pipeline\data\episodes\Prime_Suspect_1x1_FULL\analysis\frames\scene_165_static_001_num37860_sim14.jpg;D:\DATA\dev\filmocredit\runs\FULL_pipeline\data\episodes\Prime_Suspect_1x1_FULL\analysis\frames\scene_731_scroll_002_num153828_sim0.jpg
20;x;persona;"end-roll cast names (Rod Arthur, Rosy Clayton, Julian Firth, Ian Hastings, Moyra Ruskin...) not found in the film frames' OCR; neighbouring roll lines are";;Prime_Suspect_1x1;Prime_Suspect_1x1;scene_010_scroll_000_num02895_sim0.jpg;results\D_likely_missing\020_Prime_Suspect_1x1_scene_010_scroll_000_num02895_sim0.jpg;24;0.481;scene_038_static_012_num12270_sim99.jpg;scene_728_scroll_002_num153306_sim0.jpg;0.222;Arnold Upcher James Snell Mr Shrapnel Julian Firth Edward Harvey Doug Fisher Reg McKinney lan Hastings Annette Frisby Moyra Ruskin Biker Malcolm Freeman Willy Chang Gareth Tudor Price;D:\DATA\dev\filmocredit\data\episodes\Prime_Suspect_1x1\analysis\frames\scene_010_scroll_000_num02895_sim0.jpg;D:\DATA\dev\filmocredit\runs\FULL_pipeline\data\episodes\Prime_Suspect_1x1_FULL\analysis\frames\scene_038_static_012_num12270_sim99.jpg;D:\DATA\dev\filmocredit\runs\FULL_pipeline\data\episodes\Prime_Suspect_1x1_FULL\analysis\frames\scene_728_scroll_002_num153306_sim0.jpg
21;x;persona;'Director of Photography Ken Morgan' not found in the film frames;;Prime_Suspect_1x1;Prime_Suspect_1x1;scene_014_static_025_num04141_sim100.jpg;results\D_likely_missing\021_Prime_Suspect_1x1_scene_014_static_025_num04141_sim100.jpg;22;0.25;scene_255_static_007_num58812_sim57.jpg;scene_731_scroll_007_num154578_sim0.jpg;0.25;Director of Photography Ken Morgan;D:\DATA\dev\filmocredit\data\episodes\Prime_Suspect_1x1\analysis\frames\scene_014_static_025_num04141_sim100.jpg;D:\DATA\dev\filmocredit\runs\FULL_pipeline\data\episodes\Prime_Suspect_1x1_FULL\analysis\frames\scene_255_static_007_num58812_sim57.jpg;D:\DATA\dev\filmocredit\runs\FULL_pipeline\data\episodes\Prime_Suspect_1x1_FULL\analysis\frames\scene_731_scroll_007_num154578_sim0.jpg
22;x;persona;'Producer Don Leaver' not found in the film frames;;Prime_Suspect_1x1;Prime_Suspect_1x1;scene_014_static_031_num04573_sim100.jpg;results\D_likely_missing\022_Prime_Suspect_1x1_scene_014_static_031_num04573_sim100.jpg;22;0.429;scene_000_static_002_num00120_sim100.jpg;scene_731_scroll_012_num155478_sim0.jpg;0.286;Producer Don Leaver ITV Studios Limited MCMXCI;D:\DATA\dev\filmocredit\data\episodes\Prime_Suspect_1x1\analysis\frames\scene_014_static_031_num04573_sim100.jpg;D:\DATA\dev\filmocredit\runs\FULL_pipeline\data\episodes\Prime_Suspect_1x1_FULL\analysis\frames\scene_000_static_002_num00120_sim100.jpg;D:\DATA\dev\filmocredit\runs\FULL_pipeline\data\episodes\Prime_Suspect_1x1_FULL\analysis\frames\scene_731_scroll_012_num155478_sim0.jpg
23;n;;Saul Bass title animation mid-transition: no readable name;;Psycho;Psycho;scene_007_scroll_000_num00832_sim0.jpg;results\D_likely_missing\023_Psycho_scene_007_scroll_000_num00832_sim0.jpg;20;0.0;scene_020_static_064_num32183_sim55.jpg;scene_002_static_003_num00337_sim94.jpg;0.0;IEFAIAILS;D:\DATA\dev\filmocredit\data\episodes\Psycho\analysis\frames\scene_007_scroll_000_num00832_sim0.jpg;D:\DATA\dev\filmocredit\runs\FULL_pipeline\data\episodes\Psycho_FULL\analysis\frames\scene_020_static_064_num32183_sim55.jpg;D:\DATA\dev\filmocredit\runs\FULL_pipeline\data\episodes\Psycho_FULL\analysis\frames\scene_002_static_003_num00337_sim94.jpg
24;n;;Saul Bass title animation mid-transition: no readable name;;Psycho;Psycho;scene_014_static_002_num02179_sim7.jpg;results\D_likely_missing\024_Psycho_scene_014_static_002_num02179_sim7.jpg;20;0.0;scene_020_static_009_num25427_sim57.jpg;scene_002_static_003_num00337_sim94.jpg;0.0;PHOTOGRAI UNO;D:\DATA\dev\filmocredit\data\episodes\Psycho\analysis\frames\scene_014_static_002_num02179_sim7.jpg;D:\DATA\dev\filmocredit\runs\FULL_pipeline\data\episodes\Psycho_FULL\analysis\frames\scene_020_static_009_num25427_sim57.jpg;D:\DATA\dev\filmocredit\runs\FULL_pipeline\data\episodes\Psycho_FULL\analysis\frames\scene_002_static_003_num00337_sim94.jpg
25;n;;Saul Bass title animation mid-transition: no readable name;;Psycho;Psycho;scene_015_static_000_num02559_sim2.jpg;results\D_likely_missing\025_Psycho_scene_015_static_000_num02559_sim2.jpg;20;0.0;scene_019_static_019_num14858_sim74.jpg;scene_002_static_003_num00337_sim94.jpg;0.0;IIII;D:\DATA\dev\filmocredit\data\episodes\Psycho\analysis\frames\scene_015_static_000_num02559_sim2.jpg;D:\DATA\dev\filmocredit\runs\FULL_pipeline\data\episodes\Psycho_FULL\analysis\frames\scene_019_static_019_num14858_sim74.jpg;D:\DATA\dev\filmocredit\runs\FULL_pipeline\data\episodes\Psycho_FULL\analysis\frames\scene_002_static_003_num00337_sim94.jpg
26;n;;Sky Atlantic channel ident, not a credit;;Romanzo_criminale_S01E01;Romanzo_criminale_S01E01_End;scene_010_static_002_num06032_sim80.jpg;results\D_likely_missing\026_Romanzo_criminale_S01E01_End_scene_010_static_002_num06032_sim80.jpg;20;0.333;scene_124_static_000_num06171_sim42.jpg;scene_1506_scroll_005_num108292_sim0.jpg;0.333;atlantic sky pie;D:\DATA\dev\filmocredit\data\episodes\Romanzo_criminale_S01E01_End\analysis\frames\scene_010_static_002_num06032_sim80.jpg;D:\DATA\dev\filmocredit\runs\FULL_pipeline\data\episodes\Romanzo_criminale_S01E01_FULL\analysis\frames\scene_124_static_000_num06171_sim42.jpg;D:\DATA\dev\filmocredit\runs\FULL_pipeline\data\episodes\Romanzo_criminale_S01E01_FULL\analysis\frames\scene_1506_scroll_005_num108292_sim0.jpg
27;n;;no credit: banknote;;Romanzo_criminale_S01E01;Romanzo_criminale_S01E01_Opening;scene_000_scroll_000_num00000_sim0.jpg;results\D_likely_missing\027_Romanzo_criminale_S01E01_Opening_scene_000_scroll_000_num00000_sim0.jpg;20;0.0;scene_748_scroll_000_num52607_sim0.jpg;scene_036_scroll_000_num01944_sim0.jpg;0.0;BANCADITA;D:\DATA\dev\filmocredit\data\episodes\Romanzo_criminale_S01E01_Opening\analysis\frames\scene_000_scroll_000_num00000_sim0.jpg;D:\DATA\dev\filmocredit\runs\FULL_pipeline\data\episodes\Romanzo_criminale_S01E01_FULL\analysis\frames\scene_748_scroll_000_num52607_sim0.jpg;D:\DATA\dev\filmocredit\runs\FULL_pipeline\data\episodes\Romanzo_criminale_S01E01_FULL\analysis\frames\scene_036_scroll_000_num01944_sim0.jpg
28;v;persona;same cast card (Nigrelli, D'Ambrosi, Attili, Leo, Camilli);scene_120_static_001_num06043_sim30.jpg;Romanzo_criminale_S01E01;Romanzo_criminale_S01E01_Opening;scene_029_static_001_num01217_sim13.jpg;results\D_likely_missing\028_Romanzo_criminale_S01E01_Opening_scene_029_static_001_num01217_sim13.jpg;20;0.0;scene_092_static_001_num04968_sim50.jpg;scene_036_scroll_000_num01944_sim0.jpg;0.0;AMBRUS;D:\DATA\dev\filmocredit\data\episodes\Romanzo_criminale_S01E01_Opening\analysis\frames\scene_029_static_001_num01217_sim13.jpg;D:\DATA\dev\filmocredit\runs\FULL_pipeline\data\episodes\Romanzo_criminale_S01E01_FULL\analysis\frames\scene_092_static_001_num04968_sim50.jpg;D:\DATA\dev\filmocredit\runs\FULL_pipeline\data\episodes\Romanzo_criminale_S01E01_FULL\analysis\frames\scene_036_scroll_000_num01944_sim0.jpg
29;v;persona;same cast card (Nigrelli, D'Ambrosi, Attili, Leo, Camilli);scene_120_static_001_num06043_sim30.jpg;Romanzo_criminale_S01E01;Romanzo_criminale_S01E01_Opening;scene_029_static_002_num01219_sim40.jpg;results\D_likely_missing\029_Romanzo_criminale_S01E01_Opening_scene_029_static_002_num01219_sim40.jpg;22;0.0;scene_036_scroll_000_num01944_sim0.jpg;scene_036_scroll_000_num01944_sim0.jpg;0.0;IW IBROSI;D:\DATA\dev\filmocredit\data\episodes\Romanzo_criminale_S01E01_Opening\analysis\frames\scene_029_static_002_num01219_sim40.jpg;D:\DATA\dev\filmocredit\runs\FULL_pipeline\data\episodes\Romanzo_criminale_S01E01_FULL\analysis\frames\scene_036_scroll_000_num01944_sim0.jpg;D:\DATA\dev\filmocredit\runs\FULL_pipeline\data\episodes\Romanzo_criminale_S01E01_FULL\analysis\frames\scene_036_scroll_000_num01944_sim0.jpg
30;v;persona;same screenplay card (Cesarano, Marchesini, Petronio, Valenti);scene_134_static_002_num06543_sim100.jpg;Romanzo_criminale_S01E01;Romanzo_criminale_S01E01_Opening;scene_043_static_000_num01729_sim14.jpg;results\D_likely_missing\030_Romanzo_criminale_S01E01_Opening_scene_043_static_000_num01729_sim14.jpg;22;;scene_141_scroll_000_num06745_sim0.jpg;scene_036_scroll_000_num01944_sim0.jpg;0.0;(S.A.C.T.) (S.A.C.);D:\DATA\dev\filmocredit\data\episodes\Romanzo_criminale_S01E01_Opening\analysis\frames\scene_043_static_000_num01729_sim14.jpg;D:\DATA\dev\filmocredit\runs\FULL_pipeline\data\episodes\Romanzo_criminale_S01E01_FULL\analysis\frames\scene_141_scroll_000_num06745_sim0.jpg;D:\DATA\dev\filmocredit\runs\FULL_pipeline\data\episodes\Romanzo_criminale_S01E01_FULL\analysis\frames\scene_036_scroll_000_num01944_sim0.jpg
31;n;;no credit: props (razor);;Se7en;Se7en;scene_004_static_002_num00451_sim38.jpg;results\D_likely_missing\031_Se7en_scene_004_static_002_num00451_sim38.jpg;20;0.0;scene_109_static_000_num08405_sim26.jpg;scene_002_static_000_num00401_sim96.jpg;0.0;URGICAL STFEI;D:\DATA\dev\filmocredit\data\episodes\Se7en\analysis\frames\scene_004_static_002_num00451_sim38.jpg;D:\DATA\dev\filmocredit\runs\FULL_pipeline\data\episodes\Se7en_FULL\analysis\frames\scene_109_static_000_num08405_sim26.jpg;D:\DATA\dev\filmocredit\runs\FULL_pipeline\data\episodes\Se7en_FULL\analysis\frames\scene_002_static_000_num00401_sim96.jpg
32;n;;no credit: props (razor);;Se7en;Se7en;scene_005_scroll_000_num00452_sim0.jpg;results\D_likely_missing\032_Se7en_scene_005_scroll_000_num00452_sim0.jpg;20;0.0;scene_109_static_000_num08405_sim26.jpg;scene_002_static_000_num00401_sim96.jpg;0.0;URGICAL JMON;D:\DATA\dev\filmocredit\data\episodes\Se7en\analysis\frames\scene_005_scroll_000_num00452_sim0.jpg;D:\DATA\dev\filmocredit\runs\FULL_pipeline\data\episodes\Se7en_FULL\analysis\frames\scene_109_static_000_num08405_sim26.jpg;D:\DATA\dev\filmocredit\runs\FULL_pipeline\data\episodes\Se7en_FULL\analysis\frames\scene_002_static_000_num00401_sim96.jpg
33;v;persona;same 'Brad Pitt' card (handwritten, clip OCR garbled);scene_046_static_000_num06402_sim28.jpg;Se7en;Se7en;scene_007_static_000_num00500_sim12.jpg;results\D_likely_missing\033_Se7en_scene_007_static_000_num00500_sim12.jpg;22;0.0;scene_096_static_000_num08093_sim47.jpg;scene_002_static_000_num00401_sim96.jpg;0.0;Bfad;D:\DATA\dev\filmocredit\data\episodes\Se7en\analysis\frames\scene_007_static_000_num00500_sim12.jpg;D:\DATA\dev\filmocredit\runs\FULL_pipeline\data\episodes\Se7en_FULL\analysis\frames\scene_096_static_000_num08093_sim47.jpg;D:\DATA\dev\filmocredit\runs\FULL_pipeline\data\episodes\Se7en_FULL\analysis\frames\scene_002_static_000_num00401_sim96.jpg
34;v;persona;same 'Brad Pitt' card (handwritten, clip OCR garbled);scene_046_static_000_num06402_sim28.jpg;Se7en;Se7en;scene_007_static_001_num00512_sim33.jpg;results\D_likely_missing\034_Se7en_scene_007_static_001_num00512_sim33.jpg;18;0.0;scene_169_static_003_num14264_sim29.jpg;scene_002_static_000_num00401_sim96.jpg;0.0;Att Brod;D:\DATA\dev\filmocredit\data\episodes\Se7en\analysis\frames\scene_007_static_001_num00512_sim33.jpg;D:\DATA\dev\filmocredit\runs\FULL_pipeline\data\episodes\Se7en_FULL\analysis\frames\scene_169_static_003_num14264_sim29.jpg;D:\DATA\dev\filmocredit\runs\FULL_pipeline\data\episodes\Se7en_FULL\analysis\frames\scene_002_static_000_num00401_sim96.jpg
35;n;;no credit: props/notebooks;;Se7en;Se7en;scene_017_static_000_num00837_sim12.jpg;results\D_likely_missing\035_Se7en_scene_017_static_000_num00837_sim12.jpg;22;0.0;scene_123_static_000_num08891_sim76.jpg;scene_002_static_000_num00401_sim96.jpg;0.0;94x7/2in/24.7x190cm;D:\DATA\dev\filmocredit\data\episodes\Se7en\analysis\frames\scene_017_static_000_num00837_sim12.jpg;D:\DATA\dev\filmocredit\runs\FULL_pipeline\data\episodes\Se7en_FULL\analysis\frames\scene_123_static_000_num08891_sim76.jpg;D:\DATA\dev\filmocredit\runs\FULL_pipeline\data\episodes\Se7en_FULL\analysis\frames\scene_002_static_000_num00401_sim96.jpg
36;n;;no credit: props/notebooks;;Se7en;Se7en;scene_026_static_000_num01126_sim41.jpg;results\D_likely_missing\036_Se7en_scene_026_static_000_num01126_sim41.jpg;20;0.143;scene_027_static_001_num04102_sim52.jpg;scene_711_static_000_num65984_sim14.jpg;0.143;aght scally humsoll tes to be us com- sidenti- alty;D:\DATA\dev\filmocredit\data\episodes\Se7en\analysis\frames\scene_026_static_000_num01126_sim41.jpg;D:\DATA\dev\filmocredit\runs\FULL_pipeline\data\episodes\Se7en_FULL\analysis\frames\scene_027_static_001_num04102_sim52.jpg;D:\DATA\dev\filmocredit\runs\FULL_pipeline\data\episodes\Se7en_FULL\analysis\frames\scene_711_static_000_num65984_sim14.jpg
37;n;;no credit: props/notebooks;;Se7en;Se7en;scene_026_static_001_num01138_sim11.jpg;results\D_likely_missing\037_Se7en_scene_026_static_001_num01138_sim11.jpg;18;0.47;scene_064_static_000_num07019_sim33.jpg;scene_064_static_000_num07019_sim33.jpg;0.133;male erection. While the tra do rather than a libido that re in fact, he despises his crections, arbate and he doesn't want any genitals and does nat want to use. tot want to have set with horo sxual men. rand would be offended if relerred is thought of himself as a girl A whs oit his life, he has behaved as way in which he was brought mal. hormonally normal, physically theh hee were a git vay the transsexual looks at himself. mn the very but who is trapped inside the body in every respect, who desires to be ual who thinks of hinself as com- ost extreme type of sexual misidenti- pletely and totally a with ation. Imagine an Transsexualism is ferent from a on sexual? Transsexw a d How Is;D:\DATA\dev\filmocredit\data\episodes\Se7en\analysis\frames\scene_026_static_001_num01138_sim11.jpg;D:\DATA\dev\filmocredit\runs\FULL_pipeline\data\episodes\Se7en_FULL\analysis\frames\scene_064_static_000_num07019_sim33.jpg;D:\DATA\dev\filmocredit\runs\FULL_pipeline\data\episodes\Se7en_FULL\analysis\frames\scene_064_static_000_num07019_sim33.jpg
38;n;;no credit: props/notebooks;;Se7en;Se7en;scene_028_static_000_num01206_sim29.jpg;results\D_likely_missing\038_Se7en_scene_028_static_000_num01206_sim29.jpg;22;;scene_077_scroll_000_num07404_sim0.jpg;scene_002_static_000_num00401_sim96.jpg;0.0;or be;D:\DATA\dev\filmocredit\data\episodes\Se7en\analysis\frames\scene_028_static_000_num01206_sim29.jpg;D:\DATA\dev\filmocredit\runs\FULL_pipeline\data\episodes\Se7en_FULL\analysis\frames\scene_077_scroll_000_num07404_sim0.jpg;D:\DATA\dev\filmocredit\runs\FULL_pipeline\data\episodes\Se7en_FULL\analysis\frames\scene_002_static_000_num00401_sim96.jpg
39;n;;no credit: props/notebooks;;Se7en;Se7en;scene_029_static_000_num01223_sim25.jpg;results\D_likely_missing\039_Se7en_scene_029_static_000_num01223_sim25.jpg;18;0.2;scene_067_static_000_num07104_sim33.jpg;scene_068_static_000_num07109_sim13.jpg;0.2;T be R GON EMA CAHOUR ANCOS OTIL TK;D:\DATA\dev\filmocredit\data\episodes\Se7en\analysis\frames\scene_029_static_000_num01223_sim25.jpg;D:\DATA\dev\filmocredit\runs\FULL_pipeline\data\episodes\Se7en_FULL\analysis\frames\scene_067_static_000_num07104_sim33.jpg;D:\DATA\dev\filmocredit\runs\FULL_pipeline\data\episodes\Se7en_FULL\analysis\frames\scene_068_static_000_num07109_sim13.jpg
40;n;;no credit: props/notebooks;;Se7en;Se7en;scene_040_static_000_num01591_sim37.jpg;results\D_likely_missing\040_Se7en_scene_040_static_000_num01591_sim37.jpg;20;0.0;scene_241_scroll_000_num19942_sim0.jpg;scene_002_static_000_num00401_sim96.jpg;0.0;CATALOCGE UPEOF ARRING FE OFT;D:\DATA\dev\filmocredit\data\episodes\Se7en\analysis\frames\scene_040_static_000_num01591_sim37.jpg;D:\DATA\dev\filmocredit\runs\FULL_pipeline\data\episodes\Se7en_FULL\analysis\frames\scene_241_scroll_000_num19942_sim0.jpg;D:\DATA\dev\filmocredit\runs\FULL_pipeline\data\episodes\Se7en_FULL\analysis\frames\scene_002_static_000_num00401_sim96.jpg
41;v;persona;'Edited by Richard Francis-Bruce';scene_095_static_000_num08059_sim31.jpg;Se7en;Se7en;scene_056_static_000_num02162_sim28.jpg;results\D_likely_missing\041_Se7en_scene_056_static_000_num02162_sim28.jpg;20;0.333;scene_129_static_001_num09064_sim68.jpg;scene_095_static_000_num08059_sim31.jpg;0.333;Rchard frs-Bruce;D:\DATA\dev\filmocredit\data\episodes\Se7en\analysis\frames\scene_056_static_000_num02162_sim28.jpg;D:\DATA\dev\filmocredit\runs\FULL_pipeline\data\episodes\Se7en_FULL\analysis\frames\scene_129_static_001_num09064_sim68.jpg;D:\DATA\dev\filmocredit\runs\FULL_pipeline\data\episodes\Se7en_FULL\analysis\frames\scene_095_static_000_num08059_sim31.jpg
42;n;;no credit: props/notebooks;;Se7en;Se7en;scene_062_static_000_num02297_sim29.jpg;results\D_likely_missing\042_Se7en_scene_062_static_000_num02297_sim29.jpg;20;;scene_115_static_002_num08657_sim62.jpg;scene_002_static_000_num00401_sim96.jpg;0.0;OR AM AD;D:\DATA\dev\filmocredit\data\episodes\Se7en\analysis\frames\scene_062_static_000_num02297_sim29.jpg;D:\DATA\dev\filmocredit\runs\FULL_pipeline\data\episodes\Se7en_FULL\analysis\frames\scene_115_static_002_num08657_sim62.jpg;D:\DATA\dev\filmocredit\runs\FULL_pipeline\data\episodes\Se7en_FULL\analysis\frames\scene_002_static_000_num00401_sim96.jpg
43;n;;no credit: props/notebooks;;Se7en;Se7en;scene_069_scroll_000_num02498_sim0.jpg;results\D_likely_missing\043_Se7en_scene_069_scroll_000_num02498_sim0.jpg;20;0.0;scene_108_scroll_000_num08383_sim0.jpg;scene_002_static_000_num00401_sim96.jpg;0.0;ao ynord of store;D:\DATA\dev\filmocredit\data\episodes\Se7en\analysis\frames\scene_069_scroll_000_num02498_sim0.jpg;D:\DATA\dev\filmocredit\runs\FULL_pipeline\data\episodes\Se7en_FULL\analysis\frames\scene_108_scroll_000_num08383_sim0.jpg;D:\DATA\dev\filmocredit\runs\FULL_pipeline\data\episodes\Se7en_FULL\analysis\frames\scene_002_static_000_num00401_sim96.jpg
44;n;;no credit: props/notebooks;;Se7en;Se7en;scene_072_static_000_num02601_sim36.jpg;results\D_likely_missing\044_Se7en_scene_072_static_000_num02601_sim36.jpg;20;0.286;scene_728_scroll_000_num69325_sim0.jpg;scene_078_static_001_num07496_sim10.jpg;0.286;a CONTACT OF THG 6 you to shees at and m N-TOD AUL;D:\DATA\dev\filmocredit\data\episodes\Se7en\analysis\frames\scene_072_static_000_num02601_sim36.jpg;D:\DATA\dev\filmocredit\runs\FULL_pipeline\data\episodes\Se7en_FULL\analysis\frames\scene_728_scroll_000_num69325_sim0.jpg;D:\DATA\dev\filmocredit\runs\FULL_pipeline\data\episodes\Se7en_FULL\analysis\frames\scene_078_static_001_num07496_sim10.jpg
45;n;;no credit: props/notebooks;;Se7en;Se7en;scene_076_static_000_num02710_sim11.jpg;results\D_likely_missing\045_Se7en_scene_076_static_000_num02710_sim11.jpg;18;0.0;scene_090_scroll_000_num07919_sim0.jpg;scene_002_static_000_num00401_sim96.jpg;0.0;UNTOF;D:\DATA\dev\filmocredit\data\episodes\Se7en\analysis\frames\scene_076_static_000_num02710_sim11.jpg;D:\DATA\dev\filmocredit\runs\FULL_pipeline\data\episodes\Se7en_FULL\analysis\frames\scene_090_scroll_000_num07919_sim0.jpg;D:\DATA\dev\filmocredit\runs\FULL_pipeline\data\episodes\Se7en_FULL\analysis\frames\scene_002_static_000_num00401_sim96.jpg
46;n;;no credit: props/notebooks;;Se7en;Se7en;scene_076_static_001_num02722_sim22.jpg;results\D_likely_missing\046_Se7en_scene_076_static_001_num02722_sim22.jpg;20;0.0;scene_078_static_001_num07496_sim10.jpg;scene_002_static_000_num00401_sim96.jpg;0.0;NESS;D:\DATA\dev\filmocredit\data\episodes\Se7en\analysis\frames\scene_076_static_001_num02722_sim22.jpg;D:\DATA\dev\filmocredit\runs\FULL_pipeline\data\episodes\Se7en_FULL\analysis\frames\scene_078_static_001_num07496_sim10.jpg;D:\DATA\dev\filmocredit\runs\FULL_pipeline\data\episodes\Se7en_FULL\analysis\frames\scene_002_static_000_num00401_sim96.jpg
47;v;persona;executive producers card;scene_116_scroll_000_num08665_sim0.jpg;Se7en;Se7en;scene_078_static_001_num02820_sim29.jpg;results\D_likely_missing\047_Se7en_scene_078_static_001_num02820_sim29.jpg;18;0.0;scene_116_scroll_000_num08665_sim0.jpg;scene_002_static_000_num00401_sim96.jpg;0.0;Den Kodard;D:\DATA\dev\filmocredit\data\episodes\Se7en\analysis\frames\scene_078_static_001_num02820_sim29.jpg;D:\DATA\dev\filmocredit\runs\FULL_pipeline\data\episodes\Se7en_FULL\analysis\frames\scene_116_scroll_000_num08665_sim0.jpg;D:\DATA\dev\filmocredit\runs\FULL_pipeline\data\episodes\Se7en_FULL\analysis\frames\scene_002_static_000_num00401_sim96.jpg
48;v;persona;'Produced by Arnold Kopelson, Phyllis Carlyle', sharp in the film;scene_123_static_000_num08891_sim76.jpg;Se7en;Se7en;scene_083_static_001_num02986_sim17.jpg;results\D_likely_missing\048_Se7en_scene_083_static_001_num02986_sim17.jpg;18;0.0;scene_169_static_002_num14252_sim48.jpg;scene_002_static_000_num00401_sim96.jpg;0.0;HOOUCED;D:\DATA\dev\filmocredit\data\episodes\Se7en\analysis\frames\scene_083_static_001_num02986_sim17.jpg;D:\DATA\dev\filmocredit\runs\FULL_pipeline\data\episodes\Se7en_FULL\analysis\frames\scene_169_static_002_num14252_sim48.jpg;D:\DATA\dev\filmocredit\runs\FULL_pipeline\data\episodes\Se7en_FULL\analysis\frames\scene_002_static_000_num00401_sim96.jpg
49;n;;no credit: banknote;;Se7en;Se7en;scene_087_static_000_num03074_sim8.jpg;results\D_likely_missing\049_Se7en_scene_087_static_000_num03074_sim8.jpg;20;0.0;scene_457_static_001_num39599_sim99.jpg;scene_002_static_000_num00401_sim96.jpg;0.0;GODVT;D:\DATA\dev\filmocredit\data\episodes\Se7en\analysis\frames\scene_087_static_000_num03074_sim8.jpg;D:\DATA\dev\filmocredit\runs\FULL_pipeline\data\episodes\Se7en_FULL\analysis\frames\scene_457_static_001_num39599_sim99.jpg;D:\DATA\dev\filmocredit\runs\FULL_pipeline\data\episodes\Se7en_FULL\analysis\frames\scene_002_static_000_num00401_sim96.jpg
50;v;titolo;same title card;scene_006_static_002_num01521_sim24.jpg;The_World_At_War_S01E03;The_World_At_War_S01E03_Opening;scene_000_static_000_num00015_sim0.jpg;results\D_likely_missing\050_The_World_At_War_S01E03_Opening_scene_000_static_000_num00015_sim0.jpg;20;0.0;scene_006_static_002_num01521_sim24.jpg;scene_001_scroll_000_num00177_sim0.jpg;0.0;THEN WORL;D:\DATA\dev\filmocredit\data\episodes\The_World_At_War_S01E03_Opening\analysis\frames\scene_000_static_000_num00015_sim0.jpg;D:\DATA\dev\filmocredit\runs\FULL_pipeline\data\episodes\The_World_At_War_S01E03_FULL\analysis\frames\scene_006_static_002_num01521_sim24.jpg;D:\DATA\dev\filmocredit\runs\FULL_pipeline\data\episodes\The_World_At_War_S01E03_FULL\analysis\frames\scene_001_scroll_000_num00177_sim0.jpg
51;v;persona;'Narrated by Laurence Olivier';scene_006_static_017_num02589_sim94.jpg;The_World_At_War_S01E03;The_World_At_War_S01E03_Opening;scene_000_static_012_num01590_sim23.jpg;results\D_likely_missing\051_The_World_At_War_S01E03_Opening_scene_000_static_012_num01590_sim23.jpg;20;0.0;scene_024_static_011_num12421_sim40.jpg;scene_001_scroll_000_num00177_sim0.jpg;0.0;JURENC;D:\DATA\dev\filmocredit\data\episodes\The_World_At_War_S01E03_Opening\analysis\frames\scene_000_static_012_num01590_sim23.jpg;D:\DATA\dev\filmocredit\runs\FULL_pipeline\data\episodes\The_World_At_War_S01E03_FULL\analysis\frames\scene_024_static_011_num12421_sim40.jpg;D:\DATA\dev\filmocredit\runs\FULL_pipeline\data\episodes\The_World_At_War_S01E03_FULL\analysis\frames\scene_001_scroll_000_num00177_sim0.jpg
52;n;;faded series title over a dissolve, no name;;Twin_Peaks_1x3;Twin_Peaks_1x3;scene_001_static_007_num01084_sim42.jpg;results\D_likely_missing\052_Twin_Peaks_1x3_scene_001_static_007_num01084_sim42.jpg;20;0.0;scene_216_static_003_num31406_sim30.jpg;scene_001_static_000_num00604_sim0.jpg;0.0;TWIMPIARS Poptilation s12o;D:\DATA\dev\filmocredit\data\episodes\Twin_Peaks_1x3\analysis\frames\scene_001_static_007_num01084_sim42.jpg;D:\DATA\dev\filmocredit\runs\FULL_pipeline\data\episodes\Twin_Peaks_1x3_FULL\analysis\frames\scene_216_static_003_num31406_sim30.jpg;D:\DATA\dev\filmocredit\runs\FULL_pipeline\data\episodes\Twin_Peaks_1x3_FULL\analysis\frames\scene_001_static_000_num00604_sim0.jpg
53;n;;no credit: drawing (newspaper);;Yes,_Prime_Minister_1x8;Yes,_Prime_Minister_1x8;scene_003_static_008_num00879_sim29.jpg;results\D_likely_missing\053_Yes,_Prime_Minister_1x8_scene_003_static_008_num00879_sim29.jpg;18;0.0;scene_003_static_002_num00591_sim53.jpg;scene_001_static_000_num00186_sim0.jpg;0.0;R DUES IIAGA;D:\DATA\dev\filmocredit\data\episodes\Yes,_Prime_Minister_1x8\analysis\frames\scene_003_static_008_num00879_sim29.jpg;D:\DATA\dev\filmocredit\runs\FULL_pipeline\data\episodes\Yes,_Prime_Minister_1x8_FULL\analysis\frames\scene_003_static_002_num00591_sim53.jpg;D:\DATA\dev\filmocredit\runs\FULL_pipeline\data\episodes\Yes,_Prime_Minister_1x8_FULL\analysis\frames\scene_001_static_000_num00186_sim0.jpg
