n;esito;tipo;titolo;nota;frame_clip;frame_film
5;n;;El_desorden_que_dejas;no credit: window/set;D:\DATA\dev\filmocredit\data\episodes\El_desorden_que_dejas_S01E03_Opening\analysis\frames\scene_003_static_000_num00360_sim0.jpg;
13;n;;Fight_Club;no credit: transition texture;D:\DATA\dev\filmocredit\data\episodes\Fight_Club\analysis\frames\scene_018_static_001_num02391_sim83.jpg;
14;n;;Prime_Suspect_1x1;no credit: scene frame;D:\DATA\dev\filmocredit\data\episodes\Prime_Suspect_1x1\analysis\frames\scene_002_static_007_num01478_sim7.jpg;
15;n;;Prime_Suspect_1x1;no credit: scene frame;D:\DATA\dev\filmocredit\data\episodes\Prime_Suspect_1x1\analysis\frames\scene_002_static_012_num01754_sim12.jpg;
16;n;;Prime_Suspect_1x1;no credit: scene frame;D:\DATA\dev\filmocredit\data\episodes\Prime_Suspect_1x1\analysis\frames\scene_003_static_000_num02061_sim21.jpg;
23;n;;Psycho;Saul Bass title animation mid-transition: no readable name;D:\DATA\dev\filmocredit\data\episodes\Psycho\analysis\frames\scene_007_scroll_000_num00832_sim0.jpg;
24;n;;Psycho;Saul Bass title animation mid-transition: no readable name;D:\DATA\dev\filmocredit\data\episodes\Psycho\analysis\frames\scene_014_static_002_num02179_sim7.jpg;
25;n;;Psycho;Saul Bass title animation mid-transition: no readable name;D:\DATA\dev\filmocredit\data\episodes\Psycho\analysis\frames\scene_015_static_000_num02559_sim2.jpg;
26;n;;Romanzo_criminale_S01E01;Sky Atlantic channel ident, not a credit;D:\DATA\dev\filmocredit\data\episodes\Romanzo_criminale_S01E01_End\analysis\frames\scene_010_static_002_num06032_sim80.jpg;
27;n;;Romanzo_criminale_S01E01;no credit: banknote;D:\DATA\dev\filmocredit\data\episodes\Romanzo_criminale_S01E01_Opening\analysis\frames\scene_000_scroll_000_num00000_sim0.jpg;
31;n;;Se7en;no credit: props (razor);D:\DATA\dev\filmocredit\data\episodes\Se7en\analysis\frames\scene_004_static_002_num00451_sim38.jpg;
32;n;;Se7en;no credit: props (razor);D:\DATA\dev\filmocredit\data\episodes\Se7en\analysis\frames\scene_005_scroll_000_num00452_sim0.jpg;
35;n;;Se7en;no credit: props/notebooks;D:\DATA\dev\filmocredit\data\episodes\Se7en\analysis\frames\scene_017_static_000_num00837_sim12.jpg;
36;n;;Se7en;no credit: props/notebooks;D:\DATA\dev\filmocredit\data\episodes\Se7en\analysis\frames\scene_026_static_000_num01126_sim41.jpg;
37;n;;Se7en;no credit: props/notebooks;D:\DATA\dev\filmocredit\data\episodes\Se7en\analysis\frames\scene_026_static_001_num01138_sim11.jpg;
38;n;;Se7en;no credit: props/notebooks;D:\DATA\dev\filmocredit\data\episodes\Se7en\analysis\frames\scene_028_static_000_num01206_sim29.jpg;
39;n;;Se7en;no credit: props/notebooks;D:\DATA\dev\filmocredit\data\episodes\Se7en\analysis\frames\scene_029_static_000_num01223_sim25.jpg;
40;n;;Se7en;no credit: props/notebooks;D:\DATA\dev\filmocredit\data\episodes\Se7en\analysis\frames\scene_040_static_000_num01591_sim37.jpg;
42;n;;Se7en;no credit: props/notebooks;D:\DATA\dev\filmocredit\data\episodes\Se7en\analysis\frames\scene_062_static_000_num02297_sim29.jpg;
43;n;;Se7en;no credit: props/notebooks;D:\DATA\dev\filmocredit\data\episodes\Se7en\analysis\frames\scene_069_scroll_000_num02498_sim0.jpg;
44;n;;Se7en;no credit: props/notebooks;D:\DATA\dev\filmocredit\data\episodes\Se7en\analysis\frames\scene_072_static_000_num02601_sim36.jpg;
45;n;;Se7en;no credit: props/notebooks;D:\DATA\dev\filmocredit\data\episodes\Se7en\analysis\frames\scene_076_static_000_num02710_sim11.jpg;
46;n;;Se7en;no credit: props/notebooks;D:\DATA\dev\filmocredit\data\episodes\Se7en\analysis\frames\scene_076_static_001_num02722_sim22.jpg;
49;n;;Se7en;no credit: banknote;D:\DATA\dev\filmocredit\data\episodes\Se7en\analysis\frames\scene_087_static_000_num03074_sim8.jpg;
52;n;;Twin_Peaks_1x3;faded series title over a dissolve, no name;D:\DATA\dev\filmocredit\data\episodes\Twin_Peaks_1x3\analysis\frames\scene_001_static_007_num01084_sim42.jpg;
53;n;;Yes,_Prime_Minister_1x8;no credit: drawing (newspaper);D:\DATA\dev\filmocredit\data\episodes\Yes,_Prime_Minister_1x8\analysis\frames\scene_003_static_008_num00879_sim29.jpg;
