episode,name
8 e mezzo,hazel rogers
amelie,a herzog jr
amelie,a sendrey
amelie,alain carsoux
amelie,b holiday
amelie,delattre
amelie,jerome arthuis
amelie,labbe
amelie,madeline fontaine
amelie,marc lehingrat
amelie,monette malroux
amelie,olivier cazzitti
amelie,reynald desbant
amelie,sophie mollard
amelie,thery
amelie,vincent arnardi
amelie,wolfgang gobsberg
apocalypse now,barbara mcbane
apocalypse now,christopher nedderson
apocalypse now,dale grahn
apocalypse now,dennis hollis
apocalypse now,dennis m fill
apocalypse now,efren lapid
apocalypse now,eva gardos
apocalypse now,gwen m lucas
apocalypse now,jeremy molod
apocalypse now,julie morin
apocalypse now,karen frerichs
apocalypse now,linda ignacio
apocalypse now,liza randol
apocalypse now,nancy tonery
apocalypse now,paul broucek
apocalypse now,paul hensler
apocalypse now,richard dioguardi
apocalypse now,rogilio de la rama
apocalypse now,sherry nisewaner
apocalypse now,tony dingman
apocalypse now,yvon leseaux
chernobyl s01e01,chris fry
dark s01e09,ahlem batsi
dark s01e09,anatole taubman
dark s01e09,andreas pietschmann
dark s01e09,angela winkler
dark s01e09,anna scholich
dark s01e09,anne lebinsky
dark s01e09,anne ratte polle
dark s01e09,ansgar frerich
dark s01e09,antje traue
dark s01e09,bela gabor lenz
dark s01e09,bernie greiner
dark s01e09,carlotta von falkenhayn
dark s01e09,christian patzold
dark s01e09,christian steyer
dark s01e09,cordelia wege
dark s01e09,daan lennard liebrenz
dark s01e09,daniel hartlehnert
dark s01e09,deborah kaufmann
dark s01e09,denny hahnfeldt
dark s01e09,ella lee
dark s01e09,felix kramer
dark s01e09,frieda oberlin
dark s01e09,gina alice stiebitz
dark s01e09,gwendolyn gobel
dark s01e09,hannah roolf
dark s01e09,jordis triebel
dark s01e09,joshio marlon
dark s01e09,julika jenkins
dark s01e09,karoline eichho
dark s01e09,katja muller
dark s01e09,lena urzendowsky
dark s01e09,lisa kreuzer
dark s01e09,lisa vicari
dark s01e09,louis hofmann
dark s01e09,ludger bokelmann
dark s01e09,luise heyer
dark s01e09,lydia maria makrides
dark s01e09,maja schone
dark s01e09,mark waschke
dark s01e09,michael mendl
dark s01e09,michael stancyck
dark s01e09,monika lienig
dark s01e09,moritz jahn
dark s01e09,nele tabea reineke
dark s01e09,nele trebs
dark s01e09,nicolas rolke
dark s01e09,oliver masucci
dark s01e09,paul lux
dark s01e09,peter benedict
dark s01e09,rike sindler
dark s01e09,sebastian hulk
dark s01e09,simon johannes peter
dark s01e09,stephan kampwirth
dark s01e09,stephanie amarell
dark s01e09,sven hubner
dark s01e09,sven pannicke
dark s01e09,tatja seibt
dark s01e09,thomas schlegel
dark s01e09,walter kreye
el desorden que dejas s01e03,abril zamora
el desorden que dejas s01e03,ana santos
el desorden que dejas s01e03,camila bossa
el desorden que dejas s01e03,carlos bodelon
el desorden que dejas s01e03,cesar cambeiro
el desorden que dejas s01e03,chelo falcon
el desorden que dejas s01e03,david valldeperez
el desorden que dejas s01e03,discode
el desorden que dejas s01e03,emilio m barreiro
el desorden que dejas s01e03,guille milkyway
el desorden que dejas s01e03,inma cuesta
el desorden que dejas s01e03,loli iglesias
el desorden que dejas s01e03,lu rodriguez amae
el desorden que dejas s01e03,maria costas
el desorden que dejas s01e03,maria tasende
el desorden que dejas s01e03,mela casal
el desorden que dejas s01e03,romain hammelburg
el desorden que dejas s01e03,rush week
el desorden que dejas s01e03,telly m lamigueiro
el desorden que dejas s01e03,xose tourinan
el desorden que dejas s01e03,yuriv machogan jarkovski
eternal sunshine of the spotless mind,andrew m velenchenko
eternal sunshine of the spotless mind,brian smyj
eternal sunshine of the spotless mind,chris norr
eternal sunshine of the spotless mind,david m salisbury
eternal sunshine of the spotless mind,debbie stampfle
eternal sunshine of the spotless mind,derek pastures
eternal sunshine of the spotless mind,garf brown
eternal sunshine of the spotless mind,gayle vangrofsky
eternal sunshine of the spotless mind,jeffrey m werner
eternal sunshine of the spotless mind,paula schmit
eternal sunshine of the spotless mind,philip derise
eternal sunshine of the spotless mind,tommy louie
fight club,alex mcdowell
fight club,arnon milchan
fight club,bob garret
fight club,brandon m cox
fight club,christopher m burrows
fight club,danielle m simpson
fight club,darren m poe
fight club,david j cofini
fight club,eileen m dennis
fight club,james haygood
fight club,jim uhls
fight club,julie m anderson
fight club,m petrie
fight club,marc ferrari
fight club,meat loaf
fight club,ren klyce
fight club,rob bottin
fight club,timothy vierra
fight club,wendy m craig
hill street blues s01e13,andrew m costikyan
la grande bellezza,alberto baldini
la grande bellezza,alessandra vaglienti
la grande bellezza,alessandro micalizzi
la grande bellezza,alix gugenheim
la grande bellezza,anna lazzari
la grande bellezza,aurelio de laurentiis
la grande bellezza,bob sinclar
la grande bellezza,carlo boccadoro
la grande bellezza,claudio vecchio
la grande bellezza,d pace
la grande bellezza,daniela d antonio
la grande bellezza,f bracardi
la grande bellezza,fiammetta baralla
la grande bellezza,flavio cattaneo
la grande bellezza,g le friant
la grande bellezza,genziana gentilini
la grande bellezza,gianluca tittonel
la grande bellezza,gianni narducci
la grande bellezza,giorgio armani
la grande bellezza,giulia maulucci
la grande bellezza,giulio brogi
la grande bellezza,giuseppe arnone
la grande bellezza,guido torlonia
la grande bellezza,h m gorecki
la grande bellezza,l confetta
la grande bellezza,luca giordano
la grande bellezza,m handley
la grande bellezza,manuela dimasi
la grande bellezza,marchese alvise di canossa
la grande bellezza,marco francescon
la grande bellezza,marisela federici
la grande bellezza,massimo badiali
la grande bellezza,maurizio
la grande bellezza,mauro eusepi
la grande bellezza,nadia kuprina
la grande bellezza,orietta bodo
la grande bellezza,peppe
la grande bellezza,raffaella carra
la grande bellezza,roberta armani
la grande bellezza,roberto camba
la grande bellezza,roberto d agostino
la grande bellezza,roberto d antonio
la grande bellezza,salvatore bognanni
la grande bellezza,silvia graziani
la grande bellezza,trombey
maigret s03e01,arie dzierlatka
maigret s03e01,dominique brenguier
maigret s03e01,jean pierre hecquet
maigret s03e01,laurent poirier
planet earth s01e10,conrad maufe
planet earth s01e10,dan eatherley
planet earth s01e10,peter rosen
prime suspect s01e01,daphne neville
prime suspect s01e01,ian hills
prime suspect s01e01,ralph fiennes
prime suspect s01e01,ray french
prime suspect s01e01,renny krupinkski
prime suspect s01e01,sally head
psycho,john gavin
psycho,vera miles
romanzo criminale s01e01,alberto gasbarri
romanzo criminale s01e01,alessandro marverti
romanzo criminale s01e01,antonio gerardi
romanzo criminale s01e01,daniela virgilio
romanzo criminale s01e01,emanuele bosi
romanzo criminale s01e01,giovanni guardiano
romanzo criminale s01e01,greta scarano
romanzo criminale s01e01,lorenzo gioielli
romanzo criminale s01e01,luca venantini
romanzo criminale s01e01,roberto latini
romanzo criminale s01e01,simone ginanneschi
romanzo criminale s01e01,simone mori
romanzo criminale s01e01,umberto morelli
romanzo criminale s01e01,veronica gentili
romanzo criminale s01e01,vincenzo tanassi
se7en,adam m stone
se7en,bill scholl
se7en,jay schmidt
se7en,leo mouneu sr
se7en,leonard m bram
se7en,maureen kropf
se7en,raull butcher
se7en,robert m rey
se7en,shawn goldstein
se7en,thomas sahli
the world at war s01e03,isobel hinshelwood
twin peaks s01e03,debby trutnik
twin peaks s01e03,michael ontkean
yes prime minister s01e08,angela beveridge
yes prime minister s01e08,barry stanton
yes prime minister s01e08,brian gwaspari
yes prime minister s01e08,carolyn lyster
yes prime minister s01e08,gerald scarfe
yes prime minister s01e08,jackie foote
yes prime minister s01e08,john wells
yes prime minister s01e08,peter barville
yes prime minister s01e08,ronnie hazlehurst
