episode,gold,tp_full,tp_naive,lost_by_full,only_full,missed_by_both,fp_full,fp_naive,recall_full,recall_naive,delta_recall,lost_rate_on_gold,share_of_lost
dark s01e09,554,493,552,59,0,2,18,102,0.88989,0.99639,+0.10650,0.10650,0.23790
la grande bellezza,467,408,453,45,0,14,29,101,0.87366,0.97002,+0.09636,0.09636,0.18145
apocalypse now,313,290,310,21,1,2,30,66,0.92652,0.99042,+0.06390,0.06709,0.08468
el desorden que dejas s01e03,490,466,487,21,0,3,10,8,0.95102,0.99388,+0.04286,0.04286,0.08468
fight club,381,354,373,19,0,8,12,18,0.92913,0.97900,+0.04987,0.04987,0.07661
amelie,360,329,345,16,0,15,34,81,0.91389,0.95833,+0.04444,0.04444,0.06452
romanzo criminale s01e01,337,321,336,15,0,1,5,60,0.95252,0.99703,+0.04451,0.04451,0.06048
eternal sunshine of the spotless mind,343,326,338,12,0,5,20,56,0.95044,0.98542,+0.03499,0.03499,0.04839
se7en,509,496,506,10,0,3,18,45,0.97446,0.99411,+0.01965,0.01965,0.04032
yes prime minister s01e08,26,17,26,9,0,0,2,1,0.65385,1.00000,+0.34615,0.34615,0.03629
prime suspect s01e01,78,72,78,6,0,0,2,8,0.92308,1.00000,+0.07692,0.07692,0.02419
maigret s03e01,94,90,94,4,0,0,3,7,0.95745,1.00000,+0.04255,0.04255,0.01613
planet earth s01e10,58,54,57,3,0,1,2,5,0.93103,0.98276,+0.05172,0.05172,0.01210
psycho,32,30,32,2,0,0,2,11,0.93750,1.00000,+0.06250,0.06250,0.00806
twin peaks s01e03,88,86,88,2,0,0,1,2,0.97727,1.00000,+0.02273,0.02273,0.00806
8 e mezzo,71,70,71,1,0,0,3,1,0.98592,1.00000,+0.01408,0.01408,0.00403
chernobyl s01e01,551,550,550,1,1,0,0,1,0.99819,0.99819,+0.00000,0.00181,0.00403
hill street blues s01e13,71,70,70,1,1,0,1,1,0.98592,0.98592,+0.00000,0.01408,0.00403
the world at war s01e03,13,12,13,1,0,0,5,10,0.92308,1.00000,+0.07692,0.07692,0.00403
la piovra s01e02,29,29,29,0,0,0,1,1,1.00000,1.00000,+0.00000,0.00000,0.00000
TOTAL,4865,4563,4808,248,3,54,198,585,0.93792,0.98828,+0.05036,,1.00000
