episode,name,role_group
8 e mezzo,alessandro von normann,second unit directors or assistant directors
8 e mezzo,hazel rogers,cast
amelie,a herzog jr,soundtrack
amelie,a sendrey,soundtrack
amelie,alain carsoux,visual effects
amelie,b holiday,soundtrack
amelie,corinne saglio,production finance and accounting
amelie,delattre,thanks
amelie,denis gastou,art department
amelie,emma lebail,costume designers
amelie,helene rey,additional crew
amelie,jacques pelissier,location managers
amelie,jean christophe spadaccini,art department
amelie,labbe,thanks
amelie,ludovic lecouteux,art department
amelie,madeline fontaine,costume designers
amelie,marc lehingrat,location managers
amelie,monette malroux,cast
amelie,olivier cazzitti,camera and electrical department
amelie,olivier chalifour,additional crew
amelie,reynald desbant,makeup department
amelie,sebastien guyomard,additional crew
amelie,thery,art department
amelie,vincent arnardi,sound department
amelie,wolfgang gobsberg,art department
apocalypse now,barbara mcbane,sound department
apocalypse now,christopher nedderson,additional crew
apocalypse now,dale grahn,color department
apocalypse now,david jones,stunts
apocalypse now,deborah fine,additional crew
apocalypse now,dennis hollis,transportation department
apocalypse now,dennis juban,additional crew
apocalypse now,dennis m fill,costume and wardrobe department
apocalypse now,dick white,stunts
apocalypse now,doug claybourne,editorial department
apocalypse now,eddie romero,additional crew
apocalypse now,efren lapid,camera and electrical department
apocalypse now,eva gardos,casting department
apocalypse now,gwen m lucas,production finance and accounting
apocalypse now,jeremy molod,sound department
apocalypse now,john ashley,additional crew
apocalypse now,julie morin,additional crew
apocalypse now,karen frerichs,additional crew
apocalypse now,liza randol,additional crew
apocalypse now,nancy tonery,script and continuity department
apocalypse now,paul broucek,additional crew
apocalypse now,paul hensler,additional crew
apocalypse now,richard dioguardi,additional crew
apocalypse now,rogilio de la rama,camera and electrical department
apocalypse now,sherry nisewaner,additional crew
apocalypse now,t s eliot,thanks
apocalypse now,t s eliot,writers
apocalypse now,tony dingman,production department
apocalypse now,yvon leseaux,cast
chernobyl s01e01,chris fry,producers
chernobyl s01e01,craig mazin,producers
chernobyl s01e01,johan renck,producers
dark s01e09,ahlem batsi,production department
dark s01e09,anatole taubman,cast
dark s01e09,andreas pietschmann,cast
dark s01e09,angela winkler,cast
dark s01e09,anika dombrowsky,production department
dark s01e09,anna scholich,costume and wardrobe department
dark s01e09,anne lebinsky,cast
dark s01e09,anne ratte polle,cast
dark s01e09,ansgar frerich,sound department
dark s01e09,antje traue,cast
dark s01e09,ashlin yu,production department
dark s01e09,badr zouhir,production department
dark s01e09,bela gabor lenz,cast
dark s01e09,bernie greiner,color department
dark s01e09,carlotta von falkenhayn,cast
dark s01e09,christian patzold,cast
dark s01e09,christian steyer,cast
dark s01e09,cordelia wege,cast
dark s01e09,daan lennard liebrenz,cast
dark s01e09,daniel hartlehnert,visual effects
dark s01e09,deborah kaufmann,cast
dark s01e09,denny hahnfeldt,production department
dark s01e09,ella lee,cast
dark s01e09,felix kramer,cast
dark s01e09,frieda oberlin,editorial department
dark s01e09,gina alice stiebitz,cast
dark s01e09,gwendolyn gobel,cast
dark s01e09,hannah roolf,property department
dark s01e09,jordis triebel,cast
dark s01e09,joshio marlon,cast
dark s01e09,julika jenkins,cast
dark s01e09,karoline eichho,cast
dark s01e09,katja muller,visual effects
dark s01e09,kristina lonergan,art department
dark s01e09,lena urzendowsky,cast
dark s01e09,lisa kreuzer,cast
dark s01e09,lisa vicari,cast
dark s01e09,louis hofmann,cast
dark s01e09,ludger bokelmann,cast
dark s01e09,luise heyer,cast
dark s01e09,lutz lemke,visual effects
dark s01e09,lydia maria makrides,cast
dark s01e09,maja schone,cast
dark s01e09,mario uy,special effects
dark s01e09,mark waschke,cast
dark s01e09,merle vierck,art department
dark s01e09,michael mendl,cast
dark s01e09,michael stancyck,sound department
dark s01e09,monika lienig,makeup department
dark s01e09,moritz jahn,cast
dark s01e09,nele tabea reineke,art department
dark s01e09,nele trebs,cast
dark s01e09,nicolas rolke,visual effects
dark s01e09,oliver masucci,cast
dark s01e09,paola correa,production department
dark s01e09,paul lux,cast
dark s01e09,peter benedict,cast
dark s01e09,rike sindler,cast
dark s01e09,sebastian hulk,cast
dark s01e09,siegfried oblinger,additional crew
dark s01e09,simon johannes peter,sound department
dark s01e09,stephan kampwirth,cast
dark s01e09,stephanie amarell,cast
dark s01e09,sven hubner,special effects
dark s01e09,sven pannicke,visual effects
dark s01e09,tatja seibt,cast
dark s01e09,thomas schlegel,transportation department
dark s01e09,walter kreye,cast
el desorden que dejas s01e03,abril zamora,cast
el desorden que dejas s01e03,alberto sanchez,visual effects
el desorden que dejas s01e03,ana santos,cast
el desorden que dejas s01e03,camila bossa,cast
el desorden que dejas s01e03,carlos bodelon,production designers
el desorden que dejas s01e03,cesar cambeiro,cast
el desorden que dejas s01e03,chelo falcon,cast
el desorden que dejas s01e03,cristina morales,production department
el desorden que dejas s01e03,david valldeperez,cinematographers
el desorden que dejas s01e03,discode,soundtrack
el desorden que dejas s01e03,emilio m barreiro,production department
el desorden que dejas s01e03,guille milkyway,soundtrack
el desorden que dejas s01e03,inma cuesta,cast
el desorden que dejas s01e03,joaquin gutierrez,visual effects
el desorden que dejas s01e03,laura cavia,visual effects
el desorden que dejas s01e03,loli iglesias,editorial department
el desorden que dejas s01e03,lu rodriguez amae,editors
el desorden que dejas s01e03,maria costas,cast
el desorden que dejas s01e03,maria tasende,cast
el desorden que dejas s01e03,marina alberch,visual effects
el desorden que dejas s01e03,mela casal,cast
el desorden que dejas s01e03,natalia montes,visual effects
el desorden que dejas s01e03,noa rodriguez,visual effects
el desorden que dejas s01e03,nuria mateos,visual effects
el desorden que dejas s01e03,oscar villagran buraglia,visual effects
el desorden que dejas s01e03,raquel hermo beade,production finance and accounting
el desorden que dejas s01e03,raul monge,visual effects
el desorden que dejas s01e03,romain hammelburg,dubbing
el desorden que dejas s01e03,rush week,soundtrack
el desorden que dejas s01e03,telly m lamigueiro,production finance and accounting
el desorden que dejas s01e03,xacobe sanz,production managers
el desorden que dejas s01e03,xose tourinan,cast
el desorden que dejas s01e03,yuriv machogan jarkovski,special effects
eternal sunshine of the spotless mind,adrian scartascini,additional crew
eternal sunshine of the spotless mind,amro hamzawi,additional crew
eternal sunshine of the spotless mind,andrew m velenchenko,art department
eternal sunshine of the spotless mind,arthur hur,additional crew
eternal sunshine of the spotless mind,bobb bruno,additional crew
eternal sunshine of the spotless mind,brent ekstrand,visual effects
eternal sunshine of the spotless mind,brian smyj,stunts
eternal sunshine of the spotless mind,chris norr,camera and electrical department
eternal sunshine of the spotless mind,david m salisbury,transportation department
eternal sunshine of the spotless mind,debbie stampfle,production department
eternal sunshine of the spotless mind,derek pastures,transportation department
eternal sunshine of the spotless mind,garf brown,art department
eternal sunshine of the spotless mind,gayle vangrofsky,location managers
eternal sunshine of the spotless mind,jeffrey m werner,editorial department
eternal sunshine of the spotless mind,miguel jimenez,camera and electrical department
eternal sunshine of the spotless mind,paula schmit,additional crew
eternal sunshine of the spotless mind,philip derise,production department
eternal sunshine of the spotless mind,roberto jimenez,camera and electrical department
eternal sunshine of the spotless mind,tommy louie,sound department
fight club,alex mcdowell,production designers
fight club,arnon milchan,producers
fight club,bob garret,soundtrack
fight club,brandon m cox,production department
fight club,carlos saldanha,visual effects
fight club,christopher m burrows,visual effects
fight club,danielle m simpson,art department
fight club,darren m poe,visual effects
fight club,david j cofini,production finance and accounting
fight club,eileen m dennis,production finance and accounting
fight club,james haygood,editors
fight club,jim uhls,writers
fight club,julie m anderson,production managers
fight club,m petrie,soundtrack
fight club,marc ferrari,soundtrack
fight club,meat loaf,cast
fight club,ren klyce,sound department
fight club,timothy vierra,property department
fight club,wendy m craig,costume and wardrobe department
hill street blues s01e13,andrew m costikyan,camera and electrical department
la grande bellezza,alberto baldini,thanks
la grande bellezza,alessandra troisi,second unit directors or assistant directors
la grande bellezza,alessandra vaglienti,soundtrack
la grande bellezza,alessandro micalizzi,legal department
la grande bellezza,alix gugenheim,additional crew
la grande bellezza,angelo giovagnoli,sound department
la grande bellezza,anna lazzari,thanks
la grande bellezza,antonello venditti,thanks
la grande bellezza,ardalan nabavinejad,editorial department
la grande bellezza,aurelio de laurentiis,thanks
la grande bellezza,claudio vecchio,thanks
la grande bellezza,d pace,soundtrack
la grande bellezza,daniela d antonio,thanks
la grande bellezza,f bracardi,soundtrack
la grande bellezza,fiammetta baralla,thanks
la grande bellezza,flavio cattaneo,thanks
la grande bellezza,flore saunois,additional crew
la grande bellezza,g le friant,soundtrack
la grande bellezza,genziana gentilini,soundtrack
la grande bellezza,gianluca jodice,additional crew
la grande bellezza,gianluca porelli,sound department
la grande bellezza,gianluca tittonel,location managers
la grande bellezza,gianni narducci,thanks
la grande bellezza,giorgio armani,thanks
la grande bellezza,giulia maulucci,cast
la grande bellezza,giulio brogi,thanks
la grande bellezza,giuseppe arnone,thanks
la grande bellezza,goffredo gibellini,sound department
la grande bellezza,guido torlonia,thanks
la grande bellezza,h m gorecki,soundtrack
la grande bellezza,l confetta,soundtrack
la grande bellezza,luca giordano,thanks
la grande bellezza,m handley,soundtrack
la grande bellezza,manuela dimasi,soundtrack
la grande bellezza,marchese alvise di canossa,thanks
la grande bellezza,marco francescon,camera and electrical department
la grande bellezza,marisela federici,thanks
la grande bellezza,massimo badiali,makeup department
la grande bellezza,maurizio,thanks
la grande bellezza,mauro eusepi,sound department
la grande bellezza,nadia kuprina,soundtrack
la grande bellezza,orietta bodo,costume and wardrobe department
la grande bellezza,paolo sorrentino,directors
la grande bellezza,peppe,thanks
la grande bellezza,roberta armani,thanks
la grande bellezza,roberto camba,thanks
la grande bellezza,roberto d agostino,thanks
la grande bellezza,roberto d antonio,thanks
la grande bellezza,salvatore bognanni,camera and electrical department
la grande bellezza,sara cavagnini,additional crew
la grande bellezza,silvia graziani,soundtrack
la grande bellezza,trombey,soundtrack
la grande bellezza,valerio azzali,additional crew
maigret s03e01,arie dzierlatka,composers
maigret s03e01,dominique brenguier,cinematographers
maigret s03e01,jean pierre hecquet,color department
maigret s03e01,laurence brenguier,art department
maigret s03e01,laurent poirier,sound department
maigret s03e01,serge etter,art department
planet earth s01e10,conrad maufe,additional crew
planet earth s01e10,dan eatherley,thanks
planet earth s01e10,emilio white,additional crew
planet earth s01e10,jeff wilson,additional crew
planet earth s01e10,john pike,additional crew
planet earth s01e10,mandy knight,production managers
planet earth s01e10,peter rosen,thanks
planet earth s01e10,roland hilgartner,additional crew
planet earth s01e10,tim owens,sound department
prime suspect s01e01,craig mcneil,producers
prime suspect s01e01,daphne neville,cast
prime suspect s01e01,ian hills,sound department
prime suspect s01e01,ralph fiennes,cast
prime suspect s01e01,ray french,sound department
prime suspect s01e01,renny krupinkski,cast
prime suspect s01e01,sally head,producers
prime suspect s01e01,tony mills,additional crew
psycho,john gavin,cast
psycho,vera miles,cast
romanzo criminale s01e01,alberto gasbarri,cast
romanzo criminale s01e01,alessandro marverti,cast
romanzo criminale s01e01,antonio gerardi,cast
romanzo criminale s01e01,daniela virgilio,cast
romanzo criminale s01e01,emanuele bosi,cast
romanzo criminale s01e01,giovanni guardiano,cast
romanzo criminale s01e01,greta scarano,cast
romanzo criminale s01e01,lorenzo gioielli,cast
romanzo criminale s01e01,luca venantini,cast
romanzo criminale s01e01,roberta chiarenza,additional crew
romanzo criminale s01e01,roberto latini,cast
romanzo criminale s01e01,roberto ricci,art department
romanzo criminale s01e01,simone ginanneschi,camera and electrical department
romanzo criminale s01e01,simone mori,cast
romanzo criminale s01e01,umberto morelli,cast
romanzo criminale s01e01,veronica gentili,cast
romanzo criminale s01e01,vincenzo tanassi,cast
se7en,adam m stone,production department
se7en,bill scholl,art department
se7en,david fincher,music department
se7en,david garfinkle,thanks
se7en,dawn severdia,special effects
se7en,demian rosenblatt,camera and electrical department
se7en,gary archer,makeup department
se7en,jay schmidt,art department
se7en,jeffrey stevens,health and safety department
se7en,leo mouneu sr,art department
se7en,leonard m bram,second unit directors or assistant directors
se7en,malcolm fife,sound department
se7en,matthew papish,thanks
se7en,maureen kropf,art department
se7en,paul taglianetti,camera and electrical department
se7en,pete martinez,camera and electrical department
se7en,raull butcher,property department
se7en,rich quinn,editorial department
se7en,robert c cotnoir,additional crew
se7en,ron hairston,craft services
se7en,sandy decrescent,music department
se7en,shawn goldstein,camera and electrical department
se7en,thomas sahli,property department
se7en,toby emmerich,music department
the world at war s01e03,isobel hinshelwood,additional crew
the world at war s01e03,roger chinery,additional crew
twin peaks s01e03,david lynch,directors
twin peaks s01e03,debby trutnik,additional crew
twin peaks s01e03,michael ontkean,cast
yes prime minister s01e08,angela beveridge,editorial department
yes prime minister s01e08,barry stanton,cast
yes prime minister s01e08,brian gwaspari,cast
yes prime minister s01e08,carolyn lyster,cast
yes prime minister s01e08,chris wadsworth,editorial department
yes prime minister s01e08,gloria clayton,production designers
yes prime minister s01e08,jackie foote,additional crew
yes prime minister s01e08,john wells,cast
yes prime minister s01e08,peter barville,sound department
yes prime minister s01e08,ronnie hazlehurst,composers
