product,gold,tp,fp,fn,precision,recall,f1,delta_f1_vs_mean
Chernobyl S01E01,551,550,0,1,1.00000,0.99819,0.99909,+0.06283
Hill Street Blues S01E13,71,70,1,1,0.98592,0.98592,0.98592,+0.04965
La piovra S01E02,29,29,1,0,0.96667,1.00000,0.98305,+0.04679
Twin Peaks S01E03,88,86,1,2,0.98851,0.97727,0.98286,+0.04659
8 e mezzo,71,70,3,1,0.95890,0.98592,0.97222,+0.03596
Se7en,509,496,18,13,0.96498,0.97446,0.96970,+0.03343
Romanzo criminale S01E01,337,321,5,16,0.98466,0.95252,0.96833,+0.03206
El desorden que dejas S01E03,490,466,10,24,0.97899,0.95102,0.96480,+0.02854
Maigret S03E01,94,90,3,4,0.96774,0.95745,0.96257,+0.02630
Fight Club,381,354,12,27,0.96721,0.92913,0.94779,+0.01153
Planet Earth S01E10,58,54,2,4,0.96429,0.93103,0.94737,+0.01111
Prime Suspect S01E01,78,72,2,6,0.97297,0.92308,0.94737,+0.01111
Eternal Sunshine of the Spotless Mind,343,326,20,17,0.94220,0.95044,0.94630,+0.01004
Psycho,32,30,2,2,0.93750,0.93750,0.93750,+0.00124
Dark S01E09,554,493,18,61,0.96477,0.88989,0.92582,-0.01044
Apocalypse Now,313,290,30,23,0.90625,0.92652,0.91627,-0.01999
Amelie,360,329,34,31,0.90634,0.91389,0.91010,-0.02617
La grande bellezza,467,408,29,59,0.93364,0.87366,0.90265,-0.03361
The World At War S01E03,13,12,5,1,0.70588,0.92308,0.80000,-0.13626
"Yes, Prime Minister S01E08",26,17,2,9,0.89474,0.65385,0.75556,-0.18071
MACRO AVERAGE,4865,,,,0.94461,0.93174,0.93626,+0.00000
MICRO (aggregate),4865,4563,198,302,0.95841,0.93792,0.94806,
